Id,Label,timeset,0,modularity_class,Eccentricity,closnesscentrality,harmonicclosnesscentrality,betweenesscentrality,clustering,pageranks,indegree,outdegree,Degree
jagadeesh_ande,jagadeesh_ande,,14,5,1,1,1,42,0,0.000729,1,14,15
amoghvs,amoghvs,,56,4,2,0.510324,0.520231,2602,0.002922,0.000733,2,56,58
BharathGowda_,BharathGowda_,,84,6,3,0.352163,0.380299,164,0.000143,0.000729,1,84,85
abhishekmarv,abhishekmarv,,0,4,0,0,0,0,1,0.000736,2,0,2
DeepakK71902735,DeepakK71902735,,2,2,1,1,1,6,0.166667,0.000736,2,2,4
LooksRose,LooksRose,,932,0,1,1,1,2784,0,0.000729,1,928,929
SaiKris45066627,SaiKris45066627,,155,1,1,1,1,462,0.000041,0.000729,1,155,156
ashish_26,ashish_26,,80,2,3,0.351537,0.378492,154,0.000316,0.000729,1,80,81
vintobesucc,vintobesucc,,17,3,1,1,1,51,0,0.000729,1,17,18
SaiKris79014218,SaiKris79014218,,2,4,1,1,1,6,0,0.000729,1,2,3
karan_sanghvi1,karan_sanghvi1,,57,4,1,1,1,156,0.001512,0.000729,1,57,58
gamar_osmann,gamar_osmann,,9,4,0,0,0,0,0,0.000729,1,0,1
MDMOSABBIRHOS11,MDMOSABBIRHOS11,,96,4,0,0,0,0,0,0.000729,1,0,1
KethanNaidu,KethanNaidu,,1,4,0,0,0,0,0,0.000729,1,0,1
kumarankitsheor,kumarankitsheor,,7,4,0,0,0,0,0,0.000729,1,0,1
ppsaagar,ppsaagar,,222,4,0,0,0,0,0,0.000729,1,0,1
ukgowda79,ukgowda79,,8,4,0,0,0,0,0,0.000729,1,0,1
aditya_thilak,aditya_thilak,,18,4,0,0,0,0,0,0.000729,1,0,1
gagank21,gagank21,,10,4,0,0,0,0,0,0.000729,1,0,1
7adarsh7,7adarsh7,,10,4,0,0,0,0,0,0.000729,1,0,1
anirudhanand14,anirudhanand14,,2,4,0,0,0,0,0,0.000729,1,0,1
VickyKrishna127,VickyKrishna127,,16,4,0,0,0,0,0,0.000729,1,0,1
piyush_kmishra,piyush_kmishra,,22,4,0,0,0,0,0,0.000729,1,0,1
yash_yorky,yash_yorky,,23,4,0,0,0,0,0,0.000729,1,0,1
Muthu782,Muthu782,,36,4,0,0,0,0,0,0.000729,1,0,1
swekrathistar,swekrathistar,,6,4,0,0,0,0,0,0.000729,1,0,1
Rockon1312,Rockon1312,,24,4,0,0,0,0,0,0.000729,1,0,1
maddurajaykumar,maddurajaykumar,,10,4,0,0,0,0,0.5,0.00074,2,0,2
lokeshnaidu25,lokeshnaidu25,,14,4,0,0,0,0,0,0.000729,1,0,1
indu9525,indu9525,,3,4,0,0,0,0,0,0.000729,1,0,1
raj07indcsk,raj07indcsk,,18,4,0,0,0,0,0,0.000729,1,0,1
ganeshpadamukh1,ganeshpadamukh1,,9,4,0,0,0,0,0,0.000729,1,0,1
nagaruruharish,nagaruruharish,,39,4,0,0,0,0,0,0.000729,1,0,1
shrikar_7,shrikar_7,,8,4,0,0,0,0,0,0.000729,1,0,1
Nivviani,Nivviani,,41,4,0,0,0,0,0,0.000729,1,0,1
mkmonu65,mkmonu65,,75,2,0,0,0,0,1,0.000736,2,0,2
sharangop,sharangop,,92,4,0,0,0,0,0,0.000729,1,0,1
AbijithKavi,AbijithKavi,,6,4,0,0,0,0,0,0.000729,1,0,1
varun_tg,varun_tg,,3,4,0,0,0,0,0,0.000729,1,0,1
BhutdaAkshay,BhutdaAkshay,,277,4,0,0,0,0,0,0.000729,1,0,1
nmdchoyal,nmdchoyal,,434,4,0,0,0,0,0,0.000729,1,0,1
Bonnieblue1306,Bonnieblue1306,,11,4,0,0,0,0,0.5,0.00074,2,0,2
mathew_om,mathew_om,,16,4,0,0,0,0,0.5,0.00074,2,0,2
mayurb21,mayurb21,,9,4,0,0,0,0,0,0.000729,1,0,1
abhishek_dugar,abhishek_dugar,,83,4,0,0,0,0,0,0.000729,1,0,1
Gemmafd1993,Gemmafd1993,,145,4,0,0,0,0,0,0.000729,1,0,1
unboxme101,unboxme101,,80,4,0,0,0,0,0,0.000729,1,0,1
Stevejerold1,Stevejerold1,,54,4,0,0,0,0,0.5,0.00074,2,0,2
hemanth__g,hemanth__g,,82,4,0,0,0,0,0.333333,0.000744,3,0,3
dravinashkavi,dravinashkavi,,18,4,0,0,0,0,0,0.000729,1,0,1
pkubsad,pkubsad,,25,4,0,0,0,0,0,0.000729,1,0,1
AgarwalAryaman,AgarwalAryaman,,113,4,0,0,0,0,0,0.000729,1,0,1
ACadambi,ACadambi,,21,4,0,0,0,0,0,0.000729,1,0,1
Nam_murthy,Nam_murthy,,13,4,0,0,0,0,0,0.000729,1,0,1
AKtheConqueror,AKtheConqueror,,38,4,0,0,0,0,0,0.000729,1,0,1
SavitaMokati10,SavitaMokati10,,188,4,0,0,0,0,0,0.000729,1,0,1
apkabollywood,apkabollywood,,357,4,0,0,0,0,0,0.000729,1,0,1
RaghuK63170571,RaghuK63170571,,5,5,0,0,0,0,0,0.000762,1,0,1
ScannellGlenn,ScannellGlenn,,2925,5,0,0,0,0,0,0.000762,1,0,1
SwedishCanary,SwedishCanary,,452849,5,0,0,0,0,0,0.000762,1,0,1
jaggirm,jaggirm,,329451,5,0,0,0,0,0,0.000762,1,0,1
LaurenceBBattle,LaurenceBBattle,,35603,5,0,0,0,0,0,0.000762,1,0,1
antr331,antr331,,372311,5,0,0,0,0,0,0.000762,1,0,1
Purush56985526,Purush56985526,,1,5,0,0,0,0,0,0.000762,1,0,1
Reddyre47868836,Reddyre47868836,,2,5,0,0,0,0,0,0.000762,1,0,1
MaheshA17894344,MaheshA17894344,,5,5,0,0,0,0,0,0.000762,1,0,1
kj70099427,kj70099427,,7,5,0,0,0,0,0,0.000762,1,0,1
Karthik82265595,Karthik82265595,,4,5,0,0,0,0,0,0.000762,1,0,1
NaveenKanduru,NaveenKanduru,,26,5,0,0,0,0,0,0.000762,1,0,1
Rakesh75581528,Rakesh75581528,,1,5,0,0,0,0,0,0.000762,1,0,1
Surendra_naiduM,Surendra_naiduM,,8,5,0,0,0,0,0,0.000762,1,0,1
yuvraj_kushwaha,yuvraj_kushwaha,,53,6,0,0,0,0,0,0.000725,1,0,1
achalashreya,achalashreya,,5,6,0,0,0,0,0,0.000725,1,0,1
AsasN_NovaOP,AsasN_NovaOP,,11,6,0,0,0,0,0,0.000725,1,0,1
HarishSaiju,HarishSaiju,,34,6,0,0,0,0,0,0.000725,1,0,1
kusum_m08,kusum_m08,,0,6,0,0,0,0,0,0.000725,1,0,1
arjun___ramesh,arjun___ramesh,,10,6,0,0,0,0,0,0.000725,1,0,1
yourkindarachel,yourkindarachel,,59,6,0,0,0,0,0,0.000725,1,0,1
saakshlol,saakshlol,,92,6,0,0,0,0,0,0.000725,1,0,1
ENCRYPTmusic,ENCRYPTmusic,,1,6,0,0,0,0,0,0.000725,1,0,1
seedhepahaadse,seedhepahaadse,,9,6,0,0,0,0,0,0.000725,1,0,1
AroushJr,AroushJr,,42,6,0,0,0,0,0,0.000725,1,0,1
Shlok09247696,Shlok09247696,,13,6,0,0,0,0,0,0.000725,1,0,1
muskanwowanand,muskanwowanand,,108,6,0,0,0,0,0,0.000725,1,0,1
orangeinfinnity,orangeinfinnity,,12,6,0,0,0,0,0,0.000725,1,0,1
raiman1204,raiman1204,,19,6,0,0,0,0,0,0.000725,1,0,1
thoughtiiana,thoughtiiana,,238,6,0,0,0,0,0,0.000725,1,0,1
VijaySundaram18,VijaySundaram18,,1,6,0,0,0,0,0,0.000725,1,0,1
rickienoah1,rickienoah1,,10,6,0,0,0,0,0,0.000725,1,0,1
strange_lt,strange_lt,,4,6,0,0,0,0,0,0.000725,1,0,1
sircaronline,sircaronline,,19,6,0,0,0,0,0,0.000725,1,0,1
bhat_ankith,bhat_ankith,,87,6,0,0,0,0,0,0.000725,1,0,1
Malek_Hehehe,Malek_Hehehe,,1,6,0,0,0,0,0,0.000725,1,0,1
Abhay21866759,Abhay21866759,,8,6,0,0,0,0,0,0.000725,1,0,1
Vivek__Vaibhav,Vivek__Vaibhav,,27,6,0,0,0,0,0,0.000725,1,0,1
AmlanMohapatr17,AmlanMohapatr17,,21,6,0,0,0,0,0,0.000725,1,0,1
Akshat__Dubey,Akshat__Dubey,,4,6,0,0,0,0,0,0.000725,1,0,1
akshaygarg1,akshaygarg1,,12,6,0,0,0,0,0,0.000725,1,0,1
AkshatNegi19,AkshatNegi19,,6,6,0,0,0,0,0,0.000725,1,0,1
KaisthaVanshaj,KaisthaVanshaj,,26,6,0,0,0,0,0,0.000725,1,0,1
saket_ravikumar,saket_ravikumar,,38,6,0,0,0,0,0,0.000725,1,0,1
therealruudy,therealruudy,,58,6,0,0,0,0,0,0.000725,1,0,1
dechammaa,dechammaa,,1889,6,0,0,0,0,0,0.000725,1,0,1
Vidushi237,Vidushi237,,10,6,0,0,0,0,0,0.000725,1,0,1
JunejaRythem,JunejaRythem,,20,6,0,0,0,0,0,0.000725,1,0,1
rafik90404562,rafik90404562,,0,6,0,0,0,0,0,0.000725,1,0,1
meghashaiva,meghashaiva,,3,6,0,0,0,0,0,0.000725,1,0,1
GudduShariff,GudduShariff,,6,6,0,0,0,0,0,0.000725,1,0,1
akshat25045,akshat25045,,11,6,0,0,0,0,0,0.000725,1,0,1
AkshayJ86225824,AkshayJ86225824,,5,6,0,0,0,0,0,0.000725,1,0,1
SamraAzeez,SamraAzeez,,52,6,0,0,0,0,0,0.000725,1,0,1
Aaditya_MUFC,Aaditya_MUFC,,63,6,0,0,0,0,0,0.000725,1,0,1
Aditya_16V,Aditya_16V,,363,6,0,0,0,0,0,0.000725,1,0,1
Gowrish35342375,Gowrish35342375,,23,6,0,0,0,0,0,0.000725,1,0,1
Suryazapss,Suryazapss,,16,6,0,0,0,0,0,0.000725,1,0,1
ArunGan21077773,ArunGan21077773,,22,6,0,0,0,0,0,0.000725,1,0,1
TheofficialLin,TheofficialLin,,35,6,0,0,0,0,0,0.000725,1,0,1
anjaliiraii,anjaliiraii,,45,6,0,0,0,0,0,0.000725,1,0,1
PrathikPatil3,PrathikPatil3,,3,6,0,0,0,0,0,0.000725,1,0,1
Vyastache,Vyastache,,91,6,0,0,0,0,0,0.000725,1,0,1
arch5lyff,arch5lyff,,36,6,0,0,0,0,0,0.000725,1,0,1
shruthi_sajjan,shruthi_sajjan,,2,6,0,0,0,0,0,0.000725,1,0,1
siddhantinho,siddhantinho,,88,6,0,0,0,0,0,0.000725,1,0,1
PbhatForever,PbhatForever,,25,6,0,0,0,0,0,0.000725,1,0,1
Deavalin,Deavalin,,40,6,0,0,0,0,0,0.000725,1,0,1
rohitvenkatesh7,rohitvenkatesh7,,53,6,0,0,0,0,0,0.000725,1,0,1
Ehsanmirzaei10,Ehsanmirzaei10,,23,6,0,0,0,0,0,0.000725,1,0,1
uttham1995,uttham1995,,117,6,0,0,0,0,0,0.000725,1,0,1
B014Surender,B014Surender,,35,6,0,0,0,0,0,0.000725,1,0,1
Culeno1,Culeno1,,26,6,0,0,0,0,0,0.000725,1,0,1
hari_narayanan_,hari_narayanan_,,13,6,0,0,0,0,0,0.000725,1,0,1
rsharathkumar54,rsharathkumar54,,15,6,0,0,0,0,0,0.000725,1,0,1
ckdskumar,ckdskumar,,10,6,0,0,0,0,0,0.000725,1,0,1
vikramnatraj555,vikramnatraj555,,6,6,0,0,0,0,0,0.000725,1,0,1
_rohitvenkatesh,_rohitvenkatesh,,20,6,0,0,0,0,0,0.000725,1,0,1
RohithA97961351,RohithA97961351,,18,6,0,0,0,0,0,0.000725,1,0,1
Sharath59469223,Sharath59469223,,8,6,0,0,0,0,0,0.000725,1,0,1
MollyMaheshwari,MollyMaheshwari,,23,6,0,0,0,0,0,0.000725,1,0,1
nawingsr,nawingsr,,35,6,0,0,0,0,0,0.000725,1,0,1
prithviprajval,prithviprajval,,4,6,0,0,0,0,0,0.000725,1,0,1
Rahultnas,Rahultnas,,280,6,0,0,0,0,0,0.000725,1,0,1
atulsrao98,atulsrao98,,39,6,0,0,0,0,0,0.000725,1,0,1
prakash_rachana,prakash_rachana,,20,6,0,0,0,0,0,0.000725,1,0,1
Navveeeee,Navveeeee,,57,6,0,0,0,0,0,0.000725,1,0,1
Lfc4everbiju,Lfc4everbiju,,1056,6,0,0,0,0,0,0.000725,1,0,1
VarunPanicker2,VarunPanicker2,,23,6,0,0,0,0,0,0.000725,1,0,1
darlingsuhas5,darlingsuhas5,,8,6,0,0,0,0,0,0.000725,1,0,1
TheBaronVj,TheBaronVj,,1428,6,0,0,0,0,0,0.000725,1,0,1
RRakesh009,RRakesh009,,2,6,0,0,0,0,0,0.000725,1,0,1
manju_ajith,manju_ajith,,5,6,0,0,0,0,0,0.000725,1,0,1
noobmadeira781,noobmadeira781,,62,6,0,0,0,0,0,0.000725,1,0,1
mohammedsubha19,mohammedsubha19,,12,6,0,0,0,0,0,0.000725,1,0,1
navadaabhilash,navadaabhilash,,17,6,0,0,0,0,0,0.000725,1,0,1
shah_lu,shah_lu,,29,2,0,0,0,0,0,0.001031,1,0,1
and_abh,and_abh,,13,2,0,0,0,0,0,0.001031,1,0,1
Rihan30528724,Rihan30528724,,5,0,0,0,0,0,0,0.000718,1,0,1
cowboyrose2Fran,cowboyrose2Fran,,101,0,0,0,0,0,0,0.000718,1,0,1
LalitM007,LalitM007,,560,0,0,0,0,0,0,0.000718,1,0,1
pataslocaz,pataslocaz,,6,0,0,0,0,0,0,0.000718,1,0,1
MontyNelson17,MontyNelson17,,52,0,0,0,0,0,0,0.000718,1,0,1
DelTutifruti,DelTutifruti,,21,0,0,0,0,0,0,0.000718,1,0,1
herman38786631,herman38786631,,16,0,0,0,0,0,0,0.000718,1,0,1
Celebsbarelysfw,Celebsbarelysfw,,7,0,0,0,0,0,0,0.000718,1,0,1
Imhaf45567371,Imhaf45567371,,25,0,0,0,0,0,0,0.000718,1,0,1
mondayadjowoarh,mondayadjowoarh,,54,0,0,0,0,0,0,0.000718,1,0,1
YlmazRamazan2,YlmazRamazan2,,92,0,0,0,0,0,0,0.000718,1,0,1
liamwilliams33,liamwilliams33,,27,0,0,0,0,0,0,0.000718,1,0,1
2fJBHlBKoS06nLK,2fJBHlBKoS06nLK,,10,0,0,0,0,0,0,0.000718,1,0,1
Rajuvbu636Raju,Rajuvbu636Raju,,6,0,0,0,0,0,0,0.000718,1,0,1
Kuy66243814,Kuy66243814,,2,0,0,0,0,0,0,0.000718,1,0,1
MeherafShakil,MeherafShakil,,6,0,0,0,0,0,0,0.000718,1,0,1
KareemNegus,KareemNegus,,25,0,0,0,0,0,0,0.000718,1,0,1
ricardoclt10,ricardoclt10,,4,0,0,0,0,0,0,0.000718,1,0,1
Chrisbr60650283,Chrisbr60650283,,13,0,0,0,0,0,0,0.000718,1,0,1
BethGra64798166,BethGra64798166,,58,0,0,0,0,0,0,0.000718,1,0,1
JennMontgomer11,JennMontgomer11,,318,0,0,0,0,0,0,0.000718,1,0,1
PrajapatiPajesh,PrajapatiPajesh,,14,0,0,0,0,0,0,0.000718,1,0,1
xxxmelgeoxxx,xxxmelgeoxxx,,39,0,0,0,0,0,0,0.000718,1,0,1
meysam19500991,meysam19500991,,0,0,0,0,0,0,0,0.000718,1,0,1
MohAmin02875735,MohAmin02875735,,10,0,0,0,0,0,0,0.000718,1,0,1
ehtasham_riaz,ehtasham_riaz,,14,0,0,0,0,0,0,0.000718,1,0,1
meltsike,meltsike,,155,0,0,0,0,0,0,0.000718,1,0,1
zwrdmpinken,zwrdmpinken,,63,0,0,0,0,0,0,0.000718,1,0,1
sureshkr7,sureshkr7,,63,0,0,0,0,0,0,0.000718,1,0,1
MaryJac08749064,MaryJac08749064,,105,0,0,0,0,0,0,0.000718,1,0,1
madomee2,madomee2,,39,0,0,0,0,0,0,0.000718,1,0,1
MarkOcondi,MarkOcondi,,4,0,0,0,0,0,0,0.000718,1,0,1
oscarcidbolado1,oscarcidbolado1,,32,0,0,0,0,0,0,0.000718,1,0,1
MaffeisPino,MaffeisPino,,3,0,0,0,0,0,0,0.000718,1,0,1
Stephen28552293,Stephen28552293,,2,0,0,0,0,0,0,0.000718,1,0,1
Liamjaymz,Liamjaymz,,181,0,0,0,0,0,0,0.000718,1,0,1
FaRes91710099,FaRes91710099,,15,0,0,0,0,0,0,0.000718,1,0,1
Paradito2013,Paradito2013,,3,0,0,0,0,0,0,0.000718,1,0,1
Asthur1,Asthur1,,27,0,0,0,0,0,0,0.000718,1,0,1
Pero99388335,Pero99388335,,2,0,0,0,0,0,0,0.000718,1,0,1
uwaga1222,uwaga1222,,80,0,0,0,0,0,0,0.000718,1,0,1
Raymond73131937,Raymond73131937,,3,0,0,0,0,0,0,0.000718,1,0,1
vishakni,vishakni,,5,0,0,0,0,0,0,0.000718,1,0,1
JeremyTruby,JeremyTruby,,15,0,0,0,0,0,0,0.000718,1,0,1
yesuscastle,yesuscastle,,35,0,0,0,0,0,0,0.000718,1,0,1
rodrisaman,rodrisaman,,4,0,0,0,0,0,0,0.000718,1,0,1
Sameer19424064,Sameer19424064,,2,0,0,0,0,0,0,0.000718,1,0,1
matescolombia,matescolombia,,32,0,0,0,0,0,0,0.000718,1,0,1
Valentingamboa6,Valentingamboa6,,199,0,0,0,0,0,0,0.000718,1,0,1
JoseEstepa8,JoseEstepa8,,2,0,0,0,0,0,0,0.000718,1,0,1
Evernue23009132,Evernue23009132,,2,0,0,0,0,0,0,0.000718,1,0,1
Saif11785109,Saif11785109,,1,0,0,0,0,0,0,0.000718,1,0,1
Hammel73315138,Hammel73315138,,217,0,0,0,0,0,0,0.000718,1,0,1
RandyOw64221085,RandyOw64221085,,0,0,0,0,0,0,0,0.000718,1,0,1
de60117,de60117,,118,0,0,0,0,0,0,0.000718,1,0,1
KimberlyLudgat5,KimberlyLudgat5,,560,0,0,0,0,0,0,0.000718,1,0,1
JesusDzib18,JesusDzib18,,14,0,0,0,0,0,0,0.000718,1,0,1
fedonodin,fedonodin,,10,0,0,0,0,0,0,0.000718,1,0,1
Ataulla79495901,Ataulla79495901,,48,0,0,0,0,0,0,0.000718,1,0,1
Moham3dNada,Moham3dNada,,56,0,0,0,0,0,0,0.000718,1,0,1
marysmithlove44,marysmithlove44,,33,0,0,0,0,0,0,0.000718,1,0,1
DagustiniCasil1,DagustiniCasil1,,0,0,0,0,0,0,0,0.000718,1,0,1
lucrati78123267,lucrati78123267,,9,0,0,0,0,0,0,0.000718,1,0,1
The_Mike_Daddy,The_Mike_Daddy,,73,0,0,0,0,0,0,0.000718,1,0,1
amary_rabay,amary_rabay,,98,0,0,0,0,0,0,0.000718,1,0,1
GUSTAVO22674243,GUSTAVO22674243,,0,0,0,0,0,0,0,0.000718,1,0,1
lexuh_may,lexuh_may,,48,0,0,0,0,0,0,0.000718,1,0,1
ladriian,ladriian,,92,0,0,0,0,0,0,0.000718,1,0,1
sasikumargurug,sasikumargurug,,98,0,0,0,0,0,0,0.000718,1,0,1
DarumGestor,DarumGestor,,25,0,0,0,0,0,0,0.000718,1,0,1
Mehmet62801873,Mehmet62801873,,24,0,0,0,0,0,0,0.000718,1,0,1
bimaaccessories,bimaaccessories,,50,0,0,0,0,0,0,0.000718,1,0,1
AbbyKwan3,AbbyKwan3,,0,0,0,0,0,0,0,0.000718,1,0,1
RAJARJINI,RAJARJINI,,29,0,0,0,0,0,0,0.000718,1,0,1
Rony43038157,Rony43038157,,13,0,0,0,0,0,0,0.000718,1,0,1
CazorlaSev,CazorlaSev,,2656,0,0,0,0,0,0,0.000718,1,0,1
IvanMataMedran1,IvanMataMedran1,,12,0,0,0,0,0,0,0.000718,1,0,1
akmbabu48,akmbabu48,,111,0,0,0,0,0,0,0.000718,1,0,1
DontAssk_,DontAssk_,,572,0,0,0,0,0,0,0.000718,1,0,1
Fraframiagu1963,Fraframiagu1963,,1,0,0,0,0,0,0,0.000718,1,0,1
jimenezchuy22,jimenezchuy22,,20,0,0,0,0,0,0,0.000718,1,0,1
pimperneljay69,pimperneljay69,,333,0,0,0,0,0,0,0.000718,1,0,1
cbarrerap,cbarrerap,,24,0,0,0,0,0,0,0.000718,1,0,1
Roberto66696288,Roberto66696288,,0,0,0,0,0,0,0,0.000718,1,0,1
d3xt3rm0rg4n,d3xt3rm0rg4n,,80,0,0,0,0,0,0,0.000718,1,0,1
Mahmoud58809012,Mahmoud58809012,,6,0,0,0,0,0,0,0.000718,1,0,1
Zlatanthegreat,Zlatanthegreat,,5,0,0,0,0,0,0,0.000718,1,0,1
CinthyaUruena,CinthyaUruena,,7,0,0,0,0,0,0,0.000718,1,0,1
alktoOom,alktoOom,,918,0,0,0,0,0,0,0.000718,1,0,1
rowlinsontom,rowlinsontom,,22,0,0,0,0,0,0,0.000718,1,0,1
Ben7654155332,Ben7654155332,,27,0,0,0,0,0,0,0.000718,1,0,1
ppshack27,ppshack27,,7,0,0,0,0,0,0,0.000718,1,0,1
Eduardo71047893,Eduardo71047893,,0,0,0,0,0,0,0,0.000718,1,0,1
AliciaAparisio,AliciaAparisio,,109,0,0,0,0,0,0,0.000718,1,0,1
HlalatNasr,HlalatNasr,,1,0,0,0,0,0,0,0.000718,1,0,1
Baim_Sayyid090,Baim_Sayyid090,,47,0,0,0,0,0,0,0.000718,1,0,1
Domino24235762,Domino24235762,,4,0,0,0,0,0,0,0.000718,1,0,1
airalezdu,airalezdu,,0,0,0,0,0,0,0,0.000718,1,0,1
ElBoobman,ElBoobman,,14,0,0,0,0,0,0,0.000718,1,0,1
chanito6969,chanito6969,,13,0,0,0,0,0,0,0.000718,1,0,1
RulguliR,RulguliR,,2,0,0,0,0,0,0,0.000718,1,0,1
Sadot10,Sadot10,,17,0,0,0,0,0,0,0.000718,1,0,1
DTurner1982,DTurner1982,,189,0,0,0,0,0,0,0.000718,1,0,1
charrovany,charrovany,,908,0,0,0,0,0,0,0.000718,1,0,1
Tzeetch,Tzeetch,,512,0,0,0,0,0,0,0.000718,1,0,1
Kevinba16732749,Kevinba16732749,,51,0,0,0,0,0,0,0.000718,1,0,1
LuisFreddyGuam1,LuisFreddyGuam1,,8,0,0,0,0,0,0,0.000718,1,0,1
stalinvalle,stalinvalle,,11,0,0,0,0,0,0,0.000718,1,0,1
JackManciny,JackManciny,,37,0,0,0,0,0,0,0.000718,1,0,1
jon_flaca1,jon_flaca1,,1,0,0,0,0,0,0,0.000718,1,0,1
SamaelMoringst2,SamaelMoringst2,,3,0,0,0,0,0,0,0.000718,1,0,1
amigo90000,amigo90000,,45,0,0,0,0,0,0,0.000718,1,0,1
ItsmeshailynT,ItsmeshailynT,,172,0,0,0,0,0,0,0.000718,1,0,1
sgc4dd1OK75NdIj,sgc4dd1OK75NdIj,,3,0,0,0,0,0,0,0.000718,1,0,1
abuzar1432,abuzar1432,,269,0,0,0,0,0,0,0.000718,1,0,1
DOUF32813700,DOUF32813700,,119,0,0,0,0,0,0,0.000718,1,0,1
7GxLn8v4VouZ4IB,7GxLn8v4VouZ4IB,,70,0,0,0,0,0,0,0.000718,1,0,1
JuanJoseLaRosa6,JuanJoseLaRosa6,,2,0,0,0,0,0,0,0.000718,1,0,1
eydyymoyxukg,eydyymoyxukg,,150,0,0,0,0,0,0,0.000718,1,0,1
PabloFloresMa17,PabloFloresMa17,,15,0,0,0,0,0,0,0.000718,1,0,1
kiraaaeunicee,kiraaaeunicee,,25,0,0,0,0,0,0,0.000718,1,0,1
dushyant_aujla,dushyant_aujla,,4,0,0,0,0,0,0,0.000718,1,0,1
Kathlee42094585,Kathlee42094585,,206,0,0,0,0,0,0,0.000718,1,0,1
GuildChief,GuildChief,,73,0,0,0,0,0,0,0.000718,1,0,1
Gifsyvideos,Gifsyvideos,,58800,0,0,0,0,0,0,0.000718,1,0,1
WaqasMa12230948,WaqasMa12230948,,1,0,0,0,0,0,0,0.000718,1,0,1
Jessus64649334,Jessus64649334,,2,0,0,0,0,0,0,0.000718,1,0,1
DoloAmadou19,DoloAmadou19,,1,0,0,0,0,0,0,0.000718,1,0,1
Lazarmitic10,Lazarmitic10,,6,0,0,0,0,0,0,0.000718,1,0,1
FelicitaGuillen,FelicitaGuillen,,6,0,0,0,0,0,0,0.000718,1,0,1
laloaboytes,laloaboytes,,18,0,0,0,0,0,0,0.000718,1,0,1
GDESPOSITO08,GDESPOSITO08,,103,0,0,0,0,0,0,0.000718,1,0,1
makarov223,makarov223,,79,0,0,0,0,0,0,0.000718,1,0,1
Abusayeed45,Abusayeed45,,63,0,0,0,0,0,0,0.000718,1,0,1
_iluvbutt,_iluvbutt,,183,0,0,0,0,0,0,0.000718,1,0,1
Postin87620284,Postin87620284,,12,0,0,0,0,0,0,0.000718,1,0,1
Juan51201533,Juan51201533,,6,0,0,0,0,0,0,0.000718,1,0,1
Sertan17342377,Sertan17342377,,4,0,0,0,0,0,0,0.000718,1,0,1
FARELL09409581,FARELL09409581,,48,0,0,0,0,0,0,0.000718,1,0,1
EddieRo62462256,EddieRo62462256,,16,0,0,0,0,0,0,0.000718,1,0,1
ashleyarmour2,ashleyarmour2,,210,0,0,0,0,0,0,0.000718,1,0,1
Hil92080361,Hil92080361,,140,0,0,0,0,0,0,0.000718,1,0,1
tarok139850,tarok139850,,300,0,0,0,0,0,0,0.000718,1,0,1
Joelhurtadoo1,Joelhurtadoo1,,2,0,0,0,0,0,0,0.000718,1,0,1
PrateekMattoo1,PrateekMattoo1,,5,0,0,0,0,0,0,0.000718,1,0,1
Miguel40630308,Miguel40630308,,6,0,0,0,0,0,0,0.000718,1,0,1
ERYJ_E9WXYTL,ERYJ_E9WXYTL,,373,0,0,0,0,0,0,0.000718,1,0,1
LazarIlias,LazarIlias,,1,0,0,0,0,0,0,0.000718,1,0,1
Ade81660087,Ade81660087,,3,0,0,0,0,0,0,0.000718,1,0,1
aspin50530249,aspin50530249,,10,0,0,0,0,0,0,0.000718,1,0,1
wilmer77668131,wilmer77668131,,0,0,0,0,0,0,0,0.000718,1,0,1
LawrenceMaylaw,LawrenceMaylaw,,29,0,0,0,0,0,0,0.000718,1,0,1
MalikJ1998,MalikJ1998,,6,0,0,0,0,0,0,0.000718,1,0,1
siswan1978,siswan1978,,26,0,0,0,0,0,0,0.000718,1,0,1
stephinedeleone,stephinedeleone,,95,0,0,0,0,0,0,0.000718,1,0,1
BigEyes1988,BigEyes1988,,32,0,0,0,0,0,0,0.000718,1,0,1
SalomonQuimi,SalomonQuimi,,59,0,0,0,0,0,0,0.000718,1,0,1
singlecdmx27,singlecdmx27,,31,0,0,0,0,0,0,0.000718,1,0,1
PhotographJairo,PhotographJairo,,73,0,0,0,0,0,0,0.000718,1,0,1
Erap11542224,Erap11542224,,18,0,0,0,0,0,0,0.000718,1,0,1
JeffFly23358815,JeffFly23358815,,5,0,0,0,0,0,0,0.000718,1,0,1
ArmandoGaqui27,ArmandoGaqui27,,4,0,0,0,0,0,0,0.000718,1,0,1
jorge97766490,jorge97766490,,98,0,0,0,0,0,0,0.000718,1,0,1
nidtaupe,nidtaupe,,96,0,0,0,0,0,0,0.000718,1,0,1
Marksharman68,Marksharman68,,1860,0,0,0,0,0,0,0.000718,1,0,1
Adrian_Camunez1,Adrian_Camunez1,,16,0,0,0,0,0,0,0.000718,1,0,1
BrigoliIsh,BrigoliIsh,,7,0,0,0,0,0,0,0.000718,1,0,1
superJo51108517,superJo51108517,,1,0,0,0,0,0,0,0.000718,1,0,1
EVOLRN5,EVOLRN5,,1865,0,0,0,0,0,0,0.000718,1,0,1
Pudge48345678,Pudge48345678,,9,0,0,0,0,0,0,0.000718,1,0,1
Citizen14733937,Citizen14733937,,17,0,0,0,0,0,0,0.000718,1,0,1
Delpier25091983,Delpier25091983,,73,0,0,0,0,0,0,0.000718,1,0,1
dmmeboobies,dmmeboobies,,2,0,0,0,0,0,0,0.000718,1,0,1
PanchoP58892745,PanchoP58892745,,35,0,0,0,0,0,0,0.000718,1,0,1
DaArdalan,DaArdalan,,16,0,0,0,0,0,0,0.000718,1,0,1
n99dgG79MYsIJtj,n99dgG79MYsIJtj,,1,0,0,0,0,0,0,0.000718,1,0,1
Diegonorrea378,Diegonorrea378,,13,0,0,0,0,0,0,0.000718,1,0,1
Lolo57584229,Lolo57584229,,16,0,0,0,0,0,0,0.000718,1,0,1
xxxx2344,xxxx2344,,295,0,0,0,0,0,0,0.000718,1,0,1
BFlD2IcVf3gJcQY,BFlD2IcVf3gJcQY,,2,0,0,0,0,0,0,0.000718,1,0,1
lorenzana_mike,lorenzana_mike,,45,0,0,0,0,0,0,0.000718,1,0,1
UC5ncp8Wt7Zuge1,UC5ncp8Wt7Zuge1,,18,0,0,0,0,0,0,0.000718,1,0,1
JhonJai25529912,JhonJai25529912,,53,0,0,0,0,0,0,0.000718,1,0,1
Bryan41899518,Bryan41899518,,17,0,0,0,0,0,0,0.000718,1,0,1
shivambaba7575,shivambaba7575,,22,0,0,0,0,0,0,0.000718,1,0,1
Pancho81456128,Pancho81456128,,1,0,0,0,0,0,0,0.000718,1,0,1
aaaxxx_ali,aaaxxx_ali,,18,0,0,0,0,0,0,0.000718,1,0,1
IcaManuel2,IcaManuel2,,3,0,0,0,0,0,0,0.000718,1,0,1
Andres31619498,Andres31619498,,34,0,0,0,0,0,0,0.000718,1,0,1
jjpavo,jjpavo,,25,0,0,0,0,0,0,0.000718,1,0,1
Miguel22549813,Miguel22549813,,1,0,0,0,0,0,0,0.000718,1,0,1
anuraglall,anuraglall,,233,0,0,0,0,0,0,0.000718,1,0,1
ChicaMa93549215,ChicaMa93549215,,92,0,0,0,0,0,0,0.000718,1,0,1
JohnSmi99965650,JohnSmi99965650,,219,0,0,0,0,0,0,0.000718,1,0,1
ArsLanA83286269,ArsLanA83286269,,69,0,0,0,0,0,0,0.000718,1,0,1
JasmneLaddy,JasmneLaddy,,5,0,0,0,0,0,0,0.000718,1,0,1
ninja701,ninja701,,7,0,0,0,0,0,0,0.000718,1,0,1
art159753,art159753,,29,0,0,0,0,0,0,0.000718,1,0,1
Dadof3ant84,Dadof3ant84,,338,0,0,0,0,0,0,0.000718,1,0,1
deandanny54,deandanny54,,1382,0,0,0,0,0,0,0.000718,1,0,1
Anderso75514270,Anderso75514270,,2,0,0,0,0,0,0,0.000718,1,0,1
mkhYQylLWSV3k3U,mkhYQylLWSV3k3U,,26,0,0,0,0,0,0,0.000718,1,0,1
marwil76,marwil76,,28,0,0,0,0,0,0,0.000718,1,0,1
Ernesto69255386,Ernesto69255386,,3,0,0,0,0,0,0,0.000718,1,0,1
pol28976398,pol28976398,,97,0,0,0,0,0,0,0.000718,1,0,1
jack7070702,jack7070702,,7,0,0,0,0,0,0,0.000718,1,0,1
SunilsinghHr,SunilsinghHr,,21,0,0,0,0,0,0,0.000718,1,0,1
BabluBa64748673,BabluBa64748673,,7,0,0,0,0,0,0,0.000718,1,0,1
NurbuP,NurbuP,,3,0,0,0,0,0,0,0.000718,1,0,1
ARiE99846491,ARiE99846491,,1,0,0,0,0,0,0,0.000718,1,0,1
RafaelM1105,RafaelM1105,,5,0,0,0,0,0,0,0.000718,1,0,1
CamiloG25616861,CamiloG25616861,,1,0,0,0,0,0,0,0.000718,1,0,1
murat454517,murat454517,,24,0,0,0,0,0,0,0.000718,1,0,1
Narigonzo2,Narigonzo2,,1149,0,0,0,0,0,0,0.000718,1,0,1
JosLuisJuradoZ1,JosLuisJuradoZ1,,11,0,0,0,0,0,0,0.000718,1,0,1
alzamerah86,alzamerah86,,1,0,0,0,0,0,0,0.000718,1,0,1
ayres_chuck,ayres_chuck,,31,0,0,0,0,0,0,0.000718,1,0,1
putariahd28,putariahd28,,6,0,0,0,0,0,0,0.000718,1,0,1
Annaa03278030,Annaa03278030,,4,0,0,0,0,0,0,0.000718,1,0,1
WaJunot,WaJunot,,0,0,0,0,0,0,0,0.000718,1,0,1
p3r3z9321,p3r3z9321,,12,0,0,0,0,0,0,0.000718,1,0,1
PoloRamrez6,PoloRamrez6,,64,0,0,0,0,0,0,0.000718,1,0,1
Joseramonbourg1,Joseramonbourg1,,94,0,0,0,0,0,0,0.000718,1,0,1
sandeepachary18,sandeepachary18,,126,0,0,0,0,0,0,0.000718,1,0,1
William50183488,William50183488,,2,0,0,0,0,0,0,0.000718,1,0,1
iglikossta,iglikossta,,9,0,0,0,0,0,0,0.000718,1,0,1
MinMin71569878,MinMin71569878,,43,0,0,0,0,0,0,0.000718,1,0,1
Carlosz04451867,Carlosz04451867,,22,0,0,0,0,0,0,0.000718,1,0,1
Abeng57539579,Abeng57539579,,139,0,0,0,0,0,0,0.000718,1,0,1
Shawn65574328,Shawn65574328,,5,0,0,0,0,0,0,0.000718,1,0,1
Cach_Leon_,Cach_Leon_,,96,0,0,0,0,0,0,0.000718,1,0,1
T3H_C4PT4IN,T3H_C4PT4IN,,40,0,0,0,0,0,0,0.000718,1,0,1
dolfing_robin,dolfing_robin,,179,0,0,0,0,0,0,0.000718,1,0,1
SingleQroJuDav,SingleQroJuDav,,74,0,0,0,0,0,0,0.000718,1,0,1
cryptohqworld,cryptohqworld,,1436,0,0,0,0,0,0,0.000718,1,0,1
jourgereyes,jourgereyes,,35,0,0,0,0,0,0,0.000718,1,0,1
OfBenavente,OfBenavente,,8,0,0,0,0,0,0,0.000718,1,0,1
JuanCru28172415,JuanCru28172415,,46,0,0,0,0,0,0,0.000718,1,0,1
ArturoFace70,ArturoFace70,,272,0,0,0,0,0,0,0.000718,1,0,1
Adamcla37477392,Adamcla37477392,,9,0,0,0,0,0,0,0.000718,1,0,1
Eduars98345911,Eduars98345911,,3,0,0,0,0,0,0,0.000718,1,0,1
AngelMi60412021,AngelMi60412021,,19,0,0,0,0,0,0,0.000718,1,0,1
KINGR7AR,KINGR7AR,,41,0,0,0,0,0,0,0.000718,1,0,1
Danilo04113265,Danilo04113265,,3,0,0,0,0,0,0,0.000718,1,0,1
malj25,malj25,,22,0,0,0,0,0,0,0.000718,1,0,1
Yoelbernal4,Yoelbernal4,,1,0,0,0,0,0,0,0.000718,1,0,1
Lalithkumarmal4,Lalithkumarmal4,,15,0,0,0,0,0,0,0.000718,1,0,1
vijay70975938,vijay70975938,,9,0,0,0,0,0,0,0.000718,1,0,1
PrantuDas2,PrantuDas2,,0,0,0,0,0,0,0,0.000718,1,0,1
marcmurphy2012,marcmurphy2012,,6,0,0,0,0,0,0,0.000718,1,0,1
Hektor14533,Hektor14533,,27,0,0,0,0,0,0,0.000718,1,0,1
jcarzateaguila,jcarzateaguila,,7,0,0,0,0,0,0,0.000718,1,0,1
gongora_u,gongora_u,,64,0,0,0,0,0,0,0.000718,1,0,1
anar74008880,anar74008880,,4,0,0,0,0,0,0,0.000718,1,0,1
JanetPe03207051,JanetPe03207051,,3,0,0,0,0,0,0,0.000718,1,0,1
yobman12,yobman12,,13,0,0,0,0,0,0,0.000718,1,0,1
ChefEdmaga,ChefEdmaga,,291,0,0,0,0,0,0,0.000718,1,0,1
RusoTrotamundos,RusoTrotamundos,,1,0,0,0,0,0,0,0.000718,1,0,1
NgurahSotong,NgurahSotong,,190,0,0,0,0,0,0,0.000718,1,0,1
tmw_ti,tmw_ti,,28,0,0,0,0,0,0,0.000718,1,0,1
sombras_destino,sombras_destino,,32,0,0,0,0,0,0,0.000718,1,0,1
Michael61435211,Michael61435211,,5,0,0,0,0,0,0,0.000718,1,0,1
isaulang,isaulang,,2,0,0,0,0,0,0,0.000718,1,0,1
0XoOpejvbk5GTi0,0XoOpejvbk5GTi0,,40,0,0,0,0,0,0,0.000718,1,0,1
romeopadua225,romeopadua225,,18,0,0,0,0,0,0,0.000718,1,0,1
Dawid36342792,Dawid36342792,,76,0,0,0,0,0,0,0.000718,1,0,1
VuralSertan1,VuralSertan1,,8,0,0,0,0,0,0,0.000718,1,0,1
Jay_B1776,Jay_B1776,,1927,0,0,0,0,0,0,0.000718,1,0,1
ValiantLoony,ValiantLoony,,106,0,0,0,0,0,0,0.000718,1,0,1
Jony_Ark,Jony_Ark,,53,0,0,0,0,0,0,0.000718,1,0,1
Haybyby1,Haybyby1,,86,0,0,0,0,0,0,0.000718,1,0,1
IslamKh42323531,IslamKh42323531,,40,0,0,0,0,0,0,0.000718,1,0,1
Michael36456388,Michael36456388,,3,0,0,0,0,0,0,0.000718,1,0,1
DAVO_DVX,DAVO_DVX,,188,0,0,0,0,0,0,0.000718,1,0,1
TD3626,TD3626,,2,0,0,0,0,0,0,0.000718,1,0,1
johnny_cash007,johnny_cash007,,139,0,0,0,0,0,0,0.000718,1,0,1
Murat58470712,Murat58470712,,90,0,0,0,0,0,0,0.000718,1,0,1
2z77z2,2z77z2,,0,0,0,0,0,0,0,0.000718,1,0,1
21officialDika,21officialDika,,0,0,0,0,0,0,0,0.000718,1,0,1
EliandroBatis15,EliandroBatis15,,67,0,0,0,0,0,0,0.000718,1,0,1
Muelashotmailc1,Muelashotmailc1,,18,0,0,0,0,0,0,0.000718,1,0,1
BenzianImad,BenzianImad,,66,0,0,0,0,0,0,0.000718,1,0,1
Jero36320707,Jero36320707,,4,0,0,0,0,0,0,0.000718,1,0,1
big_o_MEX,big_o_MEX,,6,0,0,0,0,0,0,0.000718,1,0,1
Arslan4422786,Arslan4422786,,14,0,0,0,0,0,0,0.000718,1,0,1
AkshayManiyar2,AkshayManiyar2,,1,0,0,0,0,0,0,0.000718,1,0,1
DavichoDoSa,DavichoDoSa,,209,0,0,0,0,0,0,0.000718,1,0,1
Mar04031,Mar04031,,32,0,0,0,0,0,0,0.000718,1,0,1
GaetanoAvellino,GaetanoAvellino,,15,0,0,0,0,0,0,0.000718,1,0,1
Kawa08787380,Kawa08787380,,9,0,0,0,0,0,0,0.000718,1,0,1
Ururuhinata02,Ururuhinata02,,218,0,0,0,0,0,0,0.000718,1,0,1
Joe43763566,Joe43763566,,1,0,0,0,0,0,0,0.000718,1,0,1
ClaudioDelCast4,ClaudioDelCast4,,157,0,0,0,0,0,0,0.000718,1,0,1
coversinredjwe,coversinredjwe,,6,0,0,0,0,0,0,0.000718,1,0,1
KyraEuniceGarc2,KyraEuniceGarc2,,11,0,0,0,0,0,0,0.000718,1,0,1
Josh43563092,Josh43563092,,1,0,0,0,0,0,0,0.000718,1,0,1
loay52,loay52,,80,0,0,0,0,0,0,0.000718,1,0,1
CharlesAyres8,CharlesAyres8,,15,0,0,0,0,0,0,0.000718,1,0,1
Philizill1337,Philizill1337,,19,0,0,0,0,0,0,0.000718,1,0,1
jrjr421977,jrjr421977,,260,0,0,0,0,0,0,0.000718,1,0,1
Jayrod2188,Jayrod2188,,191,0,0,0,0,0,0,0.000718,1,0,1
Soil_15332,Soil_15332,,92,0,0,0,0,0,0,0.000718,1,0,1
mlk22_s,mlk22_s,,1327,0,0,0,0,0,0,0.000718,1,0,1
Welat42793917,Welat42793917,,3,0,0,0,0,0,0,0.000718,1,0,1
sanchez_a01,sanchez_a01,,59,0,0,0,0,0,0,0.000718,1,0,1
EdwardG57584945,EdwardG57584945,,61,0,0,0,0,0,0,0.000718,1,0,1
tcrk04,tcrk04,,2,0,0,0,0,0,0,0.000718,1,0,1
fernandofranc53,fernandofranc53,,87,0,0,0,0,0,0,0.000718,1,0,1
Hady45412782,Hady45412782,,904,0,0,0,0,0,0,0.000718,1,0,1
AmonemKhalifa,AmonemKhalifa,,3,0,0,0,0,0,0,0.000718,1,0,1
yuzen_rx,yuzen_rx,,111,0,0,0,0,0,0,0.000718,1,0,1
CRISGO1982,CRISGO1982,,43,0,0,0,0,0,0,0.000718,1,0,1
cristhi91986557,cristhi91986557,,28,0,0,0,0,0,0,0.000718,1,0,1
EdioVerga,EdioVerga,,91,0,0,0,0,0,0,0.000718,1,0,1
MateenPasha16,MateenPasha16,,22,0,0,0,0,0,0,0.000718,1,0,1
AlexFalla6,AlexFalla6,,16,0,0,0,0,0,0,0.000718,1,0,1
Alejand31452701,Alejand31452701,,5,0,0,0,0,0,0,0.000718,1,0,1
TMNTCaseySports,TMNTCaseySports,,130,0,0,0,0,0,0,0.000718,1,0,1
louelpamplona1,louelpamplona1,,1,0,0,0,0,0,0,0.000718,1,0,1
GezRichards,GezRichards,,6,0,0,0,0,0,0,0.000718,1,0,1
friskynrisky69,friskynrisky69,,178,0,0,0,0,0,0,0.000718,1,0,1
CarlosJ32757126,CarlosJ32757126,,10,0,0,0,0,0,0,0.000718,1,0,1
AndreaBos87,AndreaBos87,,26,0,0,0,0,0,0,0.000718,1,0,1
AndMithunraj,AndMithunraj,,57,0,0,0,0,0,0,0.000718,1,0,1
gojira45,gojira45,,98,0,0,0,0,0,0,0.000718,1,0,1
Cristhi26811798,Cristhi26811798,,22,0,0,0,0,0,0,0.000718,1,0,1
Hound3S,Hound3S,,106,0,0,0,0,0,0,0.000718,1,0,1
oskarzam75,oskarzam75,,7,0,0,0,0,0,0,0.000718,1,0,1
Garbo1313,Garbo1313,,426,0,0,0,0,0,0,0.000718,1,0,1
Georgie_Boy1,Georgie_Boy1,,1122,0,0,0,0,0,0,0.000718,1,0,1
Bruno92002780,Bruno92002780,,25,0,0,0,0,0,0,0.000718,1,0,1
JosarturoGonza3,JosarturoGonza3,,10,0,0,0,0,0,0,0.000718,1,0,1
jcavesa,jcavesa,,37,0,0,0,0,0,0,0.000718,1,0,1
Salvado98567463,Salvado98567463,,127,0,0,0,0,0,0,0.000718,1,0,1
LoyolaZavala,LoyolaZavala,,1,0,0,0,0,0,0,0.000718,1,0,1
GoodocamoV2,GoodocamoV2,,1510,0,0,0,0,0,0,0.000718,1,0,1
SHEHZAADKHAN3,SHEHZAADKHAN3,,49,0,0,0,0,0,0,0.000718,1,0,1
destinasao,destinasao,,2,0,0,0,0,0,0,0.000718,1,0,1
Joel42335697,Joel42335697,,59,0,0,0,0,0,0,0.000718,1,0,1
OHHbigSHOW,OHHbigSHOW,,106,0,0,0,0,0,0,0.000718,1,0,1
DanielM61823717,DanielM61823717,,8,0,0,0,0,0,0,0.000718,1,0,1
ShimouOfficial,ShimouOfficial,,593,0,0,0,0,0,0,0.000718,1,0,1
RajivParsad2,RajivParsad2,,24,0,0,0,0,0,0,0.000718,1,0,1
JakobSpenny20,JakobSpenny20,,41,0,0,0,0,0,0,0.000718,1,0,1
kouki10213,kouki10213,,12,0,0,0,0,0,0,0.000718,1,0,1
Gea26312348,Gea26312348,,0,0,0,0,0,0,0,0.000718,1,0,1
MisaelG71048123,MisaelG71048123,,2,0,0,0,0,0,0,0.000718,1,0,1
pipo55756229,pipo55756229,,47,0,0,0,0,0,0,0.000718,1,0,1
Yukirinrin0221,Yukirinrin0221,,65,0,0,0,0,0,0,0.000718,1,0,1
BeatrixHFI99,BeatrixHFI99,,111,0,0,0,0,0,0,0.000718,1,0,1
Sexy66469012,Sexy66469012,,311,0,0,0,0,0,0,0.000718,1,0,1
Dahaka34306092,Dahaka34306092,,15,0,0,0,0,0,0,0.000718,1,0,1
juangue80496538,juangue80496538,,56,0,0,0,0,0,0,0.000718,1,0,1
Affuafzal1,Affuafzal1,,89,0,0,0,0,0,0,0.000718,1,0,1
harney2012,harney2012,,162,0,0,0,0,0,0,0.000718,1,0,1
hA6POD9eBFPCyxl,hA6POD9eBFPCyxl,,15,0,0,0,0,0,0,0.000718,1,0,1
William33065905,William33065905,,288,0,0,0,0,0,0,0.000718,1,0,1
hussein02605061,hussein02605061,,19,0,0,0,0,0,0,0.000718,1,0,1
Hitman_Fifa,Hitman_Fifa,,4,0,0,0,0,0,0,0.000718,1,0,1
SimoMed16132604,SimoMed16132604,,0,0,0,0,0,0,0,0.000718,1,0,1
Alex68652638,Alex68652638,,20,0,0,0,0,0,0,0.000718,1,0,1
Debegg12,Debegg12,,50,0,0,0,0,0,0,0.000718,1,0,1
Robert34609,Robert34609,,41,0,0,0,0,0,0,0.000718,1,0,1
wilsonj58398773,wilsonj58398773,,8,0,0,0,0,0,0,0.000718,1,0,1
fofo80fofo2018,fofo80fofo2018,,422,0,0,0,0,0,0,0.000718,1,0,1
ErickKnick,ErickKnick,,68,0,0,0,0,0,0,0.000718,1,0,1
EdwardNeXE97,EdwardNeXE97,,73,0,0,0,0,0,0,0.000718,1,0,1
Leo78hot,Leo78hot,,107,0,0,0,0,0,0,0.000718,1,0,1
OscarAcevesGut1,OscarAcevesGut1,,1,0,0,0,0,0,0,0.000718,1,0,1
kyawnada1,kyawnada1,,6,0,0,0,0,0,0,0.000718,1,0,1
phyowai38,phyowai38,,55,0,0,0,0,0,0,0.000718,1,0,1
MinZin92225786,MinZin92225786,,10,0,0,0,0,0,0,0.000718,1,0,1
CzanSakib,CzanSakib,,6,0,0,0,0,0,0,0.000718,1,0,1
TommyRdn1,TommyRdn1,,108,0,0,0,0,0,0,0.000718,1,0,1
MiguelngelFC4,MiguelngelFC4,,2,0,0,0,0,0,0,0.000718,1,0,1
CrYh85sr,CrYh85sr,,599,0,0,0,0,0,0,0.000718,1,0,1
shaz69ali,shaz69ali,,37,0,0,0,0,0,0,0.000718,1,0,1
RobiRobson1,RobiRobson1,,7,0,0,0,0,0,0,0.000718,1,0,1
AldoVeliz8,AldoVeliz8,,1,0,0,0,0,0,0,0.000718,1,0,1
117_out,117_out,,17,0,0,0,0,0,0,0.000718,1,0,1
RamonSalvadorL1,RamonSalvadorL1,,2,0,0,0,0,0,0,0.000718,1,0,1
Grisman08500057,Grisman08500057,,3,0,0,0,0,0,0,0.000718,1,0,1
Luciacorona18,Luciacorona18,,507,0,0,0,0,0,0,0.000718,1,0,1
HugoAlf08163158,HugoAlf08163158,,148,0,0,0,0,0,0,0.000718,1,0,1
FreireIllona,FreireIllona,,4,0,0,0,0,0,0,0.000718,1,0,1
jamesganado,jamesganado,,49,0,0,0,0,0,0,0.000718,1,0,1
raja32098249,raja32098249,,9,0,0,0,0,0,0,0.000718,1,0,1
isaiasl90548515,isaiasl90548515,,3,0,0,0,0,0,0,0.000718,1,0,1
FrdricLabrecqu1,FrdricLabrecqu1,,12,0,0,0,0,0,0,0.000718,1,0,1
JoseAnt36083668,JoseAnt36083668,,9,0,0,0,0,0,0,0.000718,1,0,1
40loam,40loam,,24,0,0,0,0,0,0,0.000718,1,0,1
ka_i_to_92,ka_i_to_92,,12,0,0,0,0,0,0,0.000718,1,0,1
jacobo_ranulfo,jacobo_ranulfo,,3,0,0,0,0,0,0,0.000718,1,0,1
Eduardo_JG1290,Eduardo_JG1290,,1,0,0,0,0,0,0,0.000718,1,0,1
juliocvl081179,juliocvl081179,,607,0,0,0,0,0,0,0.000718,1,0,1
desantismar,desantismar,,945,0,0,0,0,0,0,0.000718,1,0,1
BongcoDu,BongcoDu,,4,0,0,0,0,0,0,0.000718,1,0,1
Thesirhot1,Thesirhot1,,25,0,0,0,0,0,0,0.000718,1,0,1
marceloconocwe,marceloconocwe,,9,0,0,0,0,0,0,0.000718,1,0,1
elcheco_77,elcheco_77,,30,0,0,0,0,0,0,0.000718,1,0,1
Adan58519842,Adan58519842,,1,0,0,0,0,0,0,0.000718,1,0,1
Paul31605553,Paul31605553,,122,0,0,0,0,0,0,0.000718,1,0,1
FamSumabal,FamSumabal,,5,0,0,0,0,0,0,0.000718,1,0,1
KhanJan36836075,KhanJan36836075,,81,0,0,0,0,0,0,0.000718,1,0,1
Train5959,Train5959,,288,0,0,0,0,0,0,0.000718,1,0,1
Navedkh4,Navedkh4,,8,0,0,0,0,0,0,0.000718,1,0,1
Carlos05039396,Carlos05039396,,45,0,0,0,0,0,0,0.000718,1,0,1
Victor67181074,Victor67181074,,141,0,0,0,0,0,0,0.000718,1,0,1
ArteagaFlash,ArteagaFlash,,8,0,0,0,0,0,0,0.000718,1,0,1
ThameurBettaieb,ThameurBettaieb,,5,0,0,0,0,0,0,0.000718,1,0,1
Javier21510879,Javier21510879,,13,0,0,0,0,0,0,0.000718,1,0,1
e_plantao,e_plantao,,51,0,0,0,0,0,0,0.000718,1,0,1
guesswho914,guesswho914,,6,0,0,0,0,0,0,0.000718,1,0,1
demonheart51,demonheart51,,34,0,0,0,0,0,0,0.000718,1,0,1
ms185676,ms185676,,36,0,0,0,0,0,0,0.000718,1,0,1
roadkiller9078,roadkiller9078,,1,0,0,0,0,0,0,0.000718,1,0,1
AnaheeF,AnaheeF,,218,0,0,0,0,0,0,0.000718,1,0,1
JuanJos33230051,JuanJos33230051,,4,0,0,0,0,0,0,0.000718,1,0,1
drpepper2k18,drpepper2k18,,5,0,0,0,0,0,0,0.000718,1,0,1
4mexicanbyhonor,4mexicanbyhonor,,162,0,0,0,0,0,0,0.000718,1,0,1
th881018,th881018,,53,0,0,0,0,0,0,0.000718,1,0,1
JoseCarrasco_88,JoseCarrasco_88,,200,0,0,0,0,0,0,0.000718,1,0,1
Nunez1738,Nunez1738,,24,0,0,0,0,0,0,0.000718,1,0,1
bruno19907,bruno19907,,2,0,0,0,0,0,0,0.000718,1,0,1
Txukhi171,Txukhi171,,19,0,0,0,0,0,0,0.000718,1,0,1
schubi1982,schubi1982,,16,0,0,0,0,0,0,0.000718,1,0,1
LynchTrell,LynchTrell,,23,0,0,0,0,0,0,0.000718,1,0,1
J_enrique17,J_enrique17,,7,0,0,0,0,0,0,0.000718,1,0,1
braveheart1479,braveheart1479,,216,0,0,0,0,0,0,0.000718,1,0,1
V002akXK43Pozz0,V002akXK43Pozz0,,18,0,0,0,0,0,0,0.000718,1,0,1
dracoice2,dracoice2,,4,0,0,0,0,0,0,0.000718,1,0,1
DemiRoseFan2,DemiRoseFan2,,47,0,0,0,0,0,0,0.000718,1,0,1
Cesar33445934,Cesar33445934,,2,0,0,0,0,0,0,0.000718,1,0,1
conor72024924,conor72024924,,58,0,0,0,0,0,0,0.000718,1,0,1
JosAnto72708601,JosAnto72708601,,9,0,0,0,0,0,0,0.000718,1,0,1
ArcilloKim,ArcilloKim,,66,0,0,0,0,0,0,0.000718,1,0,1
Hernan35677309,Hernan35677309,,34,0,0,0,0,0,0,0.000718,1,0,1
M7modKmal,M7modKmal,,1866,0,0,0,0,0,0,0.000718,1,0,1
PatiJazzX,PatiJazzX,,24,0,0,0,0,0,0,0.000718,1,0,1
Roberto93066651,Roberto93066651,,3,0,0,0,0,0,0,0.000718,1,0,1
HOSSAMALSHARAWY,HOSSAMALSHARAWY,,55,0,0,0,0,0,0,0.000718,1,0,1
JoseAVazquezG1,JoseAVazquezG1,,8,0,0,0,0,0,0,0.000718,1,0,1
danielartlozano,danielartlozano,,7,0,0,0,0,0,0,0.000718,1,0,1
ArmanKh32646388,ArmanKh32646388,,27,0,0,0,0,0,0,0.000718,1,0,1
maurofloyd,maurofloyd,,53,0,0,0,0,0,0,0.000718,1,0,1
Alemarcial9,Alemarcial9,,45,0,0,0,0,0,0,0.000718,1,0,1
Ral62897324,Ral62897324,,38,0,0,0,0,0,0,0.000718,1,0,1
MrWhoDat757,MrWhoDat757,,250,0,0,0,0,0,0,0.000718,1,0,1
romyannie,romyannie,,68,0,0,0,0,0,0,0.000718,1,0,1
Daniel71610065,Daniel71610065,,38,0,0,0,0,0,0,0.000718,1,0,1
Jesus56359078,Jesus56359078,,3,0,0,0,0,0,0,0.000718,1,0,1
YoungAlways2,YoungAlways2,,9,0,0,0,0,0,0,0.000718,1,0,1
Mk59959811,Mk59959811,,41,0,0,0,0,0,0,0.000718,1,0,1
Gustavoort5,Gustavoort5,,1,0,0,0,0,0,0,0.000718,1,0,1
Collinsboyz78,Collinsboyz78,,79,0,0,0,0,0,0,0.000718,1,0,1
Juangma33795641,Juangma33795641,,14,0,0,0,0,0,0,0.000718,1,0,1
TanElgie,TanElgie,,104,0,0,0,0,0,0,0.000718,1,0,1
Brown23Deborah,Brown23Deborah,,173,0,0,0,0,0,0,0.000718,1,0,1
RudyPatino3,RudyPatino3,,10,0,0,0,0,0,0,0.000718,1,0,1
GHOST18443735,GHOST18443735,,25,0,0,0,0,0,0,0.000718,1,0,1
marcoan977,marcoan977,,2,0,0,0,0,0,0,0.000718,1,0,1
RobPott11034449,RobPott11034449,,2,0,0,0,0,0,0,0.000718,1,0,1
Josh81947035,Josh81947035,,8,0,0,0,0,0,0,0.000718,1,0,1
DallasC95178621,DallasC95178621,,59,0,0,0,0,0,0,0.000718,1,0,1
Jorge02699266,Jorge02699266,,14,0,0,0,0,0,0,0.000718,1,0,1
Pigskinninja,Pigskinninja,,240,0,0,0,0,0,0,0.000718,1,0,1
182_xlt,182_xlt,,775,0,0,0,0,0,0,0.000718,1,0,1
ThejokerAm,ThejokerAm,,67,0,0,0,0,0,0,0.000718,1,0,1
MartnPaez7,MartnPaez7,,1,0,0,0,0,0,0,0.000718,1,0,1
YeungHahn,YeungHahn,,28,0,0,0,0,0,0,0.000718,1,0,1
Galvezgomezjoa1,Galvezgomezjoa1,,7,0,0,0,0,0,0,0.000718,1,0,1
Danny786011001,Danny786011001,,181,0,0,0,0,0,0,0.000718,1,0,1
GarizoRafa,GarizoRafa,,51,0,0,0,0,0,0,0.000718,1,0,1
Andy80349782,Andy80349782,,1,0,0,0,0,0,0,0.000718,1,0,1
Franky87237414,Franky87237414,,48,0,0,0,0,0,0,0.000718,1,0,1
doomsday71,doomsday71,,149,0,0,0,0,0,0,0.000718,1,0,1
louie76404514,louie76404514,,4,0,0,0,0,0,0,0.000718,1,0,1
sonnIBrown1188,sonnIBrown1188,,1502,0,0,0,0,0,0,0.000718,1,0,1
marcelocruzlope,marcelocruzlope,,53,0,0,0,0,0,0,0.000718,1,0,1
louie23saldana,louie23saldana,,0,0,0,0,0,0,0,0.000718,1,0,1
Arhead666,Arhead666,,19,0,0,0,0,0,0,0.000718,1,0,1
FranchiPiero,FranchiPiero,,117,0,0,0,0,0,0,0.000718,1,0,1
AndyHollow97,AndyHollow97,,44,0,0,0,0,0,0,0.000718,1,0,1
OscarAr51356014,OscarAr51356014,,10,0,0,0,0,0,0,0.000718,1,0,1
nada_yasser187,nada_yasser187,,927,0,0,0,0,0,0,0.000718,1,0,1
PiniMichael,PiniMichael,,3,0,0,0,0,0,0,0.000718,1,0,1
Pancho38836044,Pancho38836044,,27,0,0,0,0,0,0,0.000718,1,0,1
GabePalencia,GabePalencia,,295,0,0,0,0,0,0,0.000718,1,0,1
Felipe57229588,Felipe57229588,,5,0,0,0,0,0,0,0.000718,1,0,1
jvargas38913848,jvargas38913848,,169,0,0,0,0,0,0,0.000718,1,0,1
YangLiu46308803,YangLiu46308803,,1,0,0,0,0,0,0,0.000718,1,0,1
NatureLovin1,NatureLovin1,,120,0,0,0,0,0,0,0.000718,1,0,1
guty_cristhian,guty_cristhian,,6,0,0,0,0,0,0,0.000718,1,0,1
esquivel70,esquivel70,,2,0,0,0,0,0,0,0.000718,1,0,1
Romi_1Rain,Romi_1Rain,,1026,0,0,0,0,0,0,0.000718,1,0,1
baeza_noah,baeza_noah,,2,0,0,0,0,0,0,0.000718,1,0,1
Ammaury5,Ammaury5,,31,0,0,0,0,0,0,0.000718,1,0,1
Juaquin94874055,Juaquin94874055,,29,0,0,0,0,0,0,0.000718,1,0,1
who69me69,who69me69,,106,0,0,0,0,0,0,0.000718,1,0,1
hanifa_samad,hanifa_samad,,1,0,0,0,0,0,0,0.000718,1,0,1
OXolbfHjJuKI7rO,OXolbfHjJuKI7rO,,26,0,0,0,0,0,0,0.000718,1,0,1
jdr30611609,jdr30611609,,42,0,0,0,0,0,0,0.000718,1,0,1
jdanderson23,jdanderson23,,35,0,0,0,0,0,0,0.000718,1,0,1
matty_varney,matty_varney,,19,0,0,0,0,0,0,0.000718,1,0,1
Matth31200755,Matth31200755,,144,0,0,0,0,0,0,0.000718,1,0,1
southside1118,southside1118,,167,0,0,0,0,0,0,0.000718,1,0,1
elieber_delgado,elieber_delgado,,4,0,0,0,0,0,0,0.000718,1,0,1
Alberto18010378,Alberto18010378,,8,0,0,0,0,0,0,0.000718,1,0,1
LoveHen19142292,LoveHen19142292,,14,0,0,0,0,0,0,0.000718,1,0,1
DanyPhoenix8,DanyPhoenix8,,61,0,0,0,0,0,0,0.000718,1,0,1
YELONDO,YELONDO,,52,0,0,0,0,0,0,0.000718,1,0,1
blazz218,blazz218,,155,0,0,0,0,0,0,0.000718,1,0,1
ChildishPiru,ChildishPiru,,865,0,0,0,0,0,0,0.000718,1,0,1
yyg10184345,yyg10184345,,1,0,0,0,0,0,0,0.000718,1,0,1
Crodriguez33C,Crodriguez33C,,53,0,0,0,0,0,0,0.000718,1,0,1
fermintc77,fermintc77,,39,0,0,0,0,0,0,0.000718,1,0,1
jherrm215,jherrm215,,918,0,0,0,0,0,0,0.000718,1,0,1
harlidavis452,harlidavis452,,3,0,0,0,0,0,0,0.000718,1,0,1
WTF80241237,WTF80241237,,51,0,0,0,0,0,0,0.000718,1,0,1
nowait2,nowait2,,57,0,0,0,0,0,0,0.000718,1,0,1
Jordan53389458,Jordan53389458,,3,0,0,0,0,0,0,0.000718,1,0,1
PEgg3854,PEgg3854,,69,0,0,0,0,0,0,0.000718,1,0,1
FrikadellieMad,FrikadellieMad,,1144,0,0,0,0,0,0,0.000718,1,0,1
Ramazan10574061,Ramazan10574061,,19,0,0,0,0,0,0,0.000718,1,0,1
Itssirnate,Itssirnate,,48,0,0,0,0,0,0,0.000718,1,0,1
allen_obaldia,allen_obaldia,,2,0,0,0,0,0,0,0.000718,1,0,1
Raven3031,Raven3031,,4,0,0,0,0,0,0,0.000718,1,0,1
DussaulcyJ,DussaulcyJ,,202,0,0,0,0,0,0,0.000718,1,0,1
orhanozkandan1,orhanozkandan1,,27,0,0,0,0,0,0,0.000718,1,0,1
soyunatortillax,soyunatortillax,,11,0,0,0,0,0,0,0.000718,1,0,1
yubergaviria,yubergaviria,,169,0,0,0,0,0,0,0.000718,1,0,1
JoeDick30516442,JoeDick30516442,,5,0,0,0,0,0,0,0.000718,1,0,1
ArqJesusHp,ArqJesusHp,,25,0,0,0,0,0,0,0.000718,1,0,1
alexflorentino7,alexflorentino7,,73,0,0,0,0,0,0,0.000718,1,0,1
danielG95666799,danielG95666799,,51,0,0,0,0,0,0,0.000718,1,0,1
rexx_the_king,rexx_the_king,,33,0,0,0,0,0,0,0.000718,1,0,1
KonnerLowther,KonnerLowther,,48,0,0,0,0,0,0,0.000718,1,0,1
tapiaomar80,tapiaomar80,,12,0,0,0,0,0,0,0.000718,1,0,1
theLeonmagic,theLeonmagic,,105,0,0,0,0,0,0,0.000718,1,0,1
King_Gonzalez52,King_Gonzalez52,,1829,0,0,0,0,0,0,0.000718,1,0,1
Jose61382353,Jose61382353,,15,0,0,0,0,0,0,0.000718,1,0,1
DeepakN63259776,DeepakN63259776,,11,0,0,0,0,0,0,0.000718,1,0,1
Lilin89264433,Lilin89264433,,129,0,0,0,0,0,0,0.000718,1,0,1
ssjhon2,ssjhon2,,34,0,0,0,0,0,0,0.000718,1,0,1
Zsolti52778037,Zsolti52778037,,34,0,0,0,0,0,0,0.000718,1,0,1
Raakesh02807025,Raakesh02807025,,20,0,0,0,0,0,0,0.000718,1,0,1
ricardo95459920,ricardo95459920,,154,0,0,0,0,0,0,0.000718,1,0,1
Fratcan78879099,Fratcan78879099,,44,0,0,0,0,0,0,0.000718,1,0,1
YonierLozano,YonierLozano,,42,0,0,0,0,0,0,0.000718,1,0,1
GonzBlanco1,GonzBlanco1,,20,0,0,0,0,0,0,0.000718,1,0,1
QueruSan,QueruSan,,61,0,0,0,0,0,0,0.000718,1,0,1
LuisFarias14,LuisFarias14,,5,0,0,0,0,0,0,0.000718,1,0,1
TorrenseJose,TorrenseJose,,30,0,0,0,0,0,0,0.000718,1,0,1
chotidecha,chotidecha,,63,0,0,0,0,0,0,0.000718,1,0,1
777Beleth,777Beleth,,476,0,0,0,0,0,0,0.000718,1,0,1
OleaBernardo,OleaBernardo,,1,0,0,0,0,0,0,0.000718,1,0,1
cr_pad,cr_pad,,29,0,0,0,0,0,0,0.000718,1,0,1
MikeHunts15,MikeHunts15,,1,0,0,0,0,0,0,0.000718,1,0,1
renember73,renember73,,20,0,0,0,0,0,0,0.000718,1,0,1
ScarQuip,ScarQuip,,775,0,0,0,0,0,0,0.000718,1,0,1
Jaqueli99355620,Jaqueli99355620,,6,0,0,0,0,0,0,0.000718,1,0,1
Antuan35366066,Antuan35366066,,6,0,0,0,0,0,0,0.000718,1,0,1
bankz_money,bankz_money,,91,0,0,0,0,0,0,0.000718,1,0,1
Juan65050948,Juan65050948,,107,0,0,0,0,0,0,0.000718,1,0,1
Lmea02385298,Lmea02385298,,25,0,0,0,0,0,0,0.000718,1,0,1
sayaluvme,sayaluvme,,51,0,0,0,0,0,0,0.000718,1,0,1
MiSta_SlowZ,MiSta_SlowZ,,244,0,0,0,0,0,0,0.000718,1,0,1
Crusty1982Coyne,Crusty1982Coyne,,7,0,0,0,0,0,0,0.000718,1,0,1
Sharkbul1,Sharkbul1,,38,0,0,0,0,0,0,0.000718,1,0,1
khanmalik1130,khanmalik1130,,79,0,0,0,0,0,0,0.000718,1,0,1
konnichiwa900,konnichiwa900,,38,0,0,0,0,0,0,0.000718,1,0,1
ayee_adan94,ayee_adan94,,47,0,0,0,0,0,0,0.000718,1,0,1
stoo_guiso,stoo_guiso,,575,0,0,0,0,0,0,0.000718,1,0,1
keyholevoyeur,keyholevoyeur,,175,0,0,0,0,0,0,0.000718,1,0,1
Hiram69292639,Hiram69292639,,49,0,0,0,0,0,0,0.000718,1,0,1
PraveenreddyPr5,PraveenreddyPr5,,2,0,0,0,0,0,0,0.000718,1,0,1
shinylover39,shinylover39,,246,0,0,0,0,0,0,0.000718,1,0,1
kairu016,kairu016,,41,0,0,0,0,0,0,0.000718,1,0,1
Rul38086174,Rul38086174,,5,0,0,0,0,0,0,0.000718,1,0,1
Davidm89523586,Davidm89523586,,239,0,0,0,0,0,0,0.000718,1,0,1
gabinoPellisa,gabinoPellisa,,39,0,0,0,0,0,0,0.000718,1,0,1
escreaturs,escreaturs,,94,0,0,0,0,0,0,0.000718,1,0,1
mani29748238,mani29748238,,88,0,0,0,0,0,0,0.000718,1,0,1
DavideSunday1,DavideSunday1,,1,0,0,0,0,0,0,0.000718,1,0,1
Asasiim1,Asasiim1,,116,0,0,0,0,0,0,0.000718,1,0,1
Csarcru96978811,Csarcru96978811,,0,0,0,0,0,0,0,0.000718,1,0,1
xoxosimmyxoxo,xoxosimmyxoxo,,36,0,0,0,0,0,0,0.000718,1,0,1
uQ2mXvqoKQozo6J,uQ2mXvqoKQozo6J,,3,0,0,0,0,0,0,0.000718,1,0,1
DailyFacts007,DailyFacts007,,27,0,0,0,0,0,0,0.000718,1,0,1
Diegodp11951175,Diegodp11951175,,14,0,0,0,0,0,0,0.000718,1,0,1
rikardojoel,rikardojoel,,53,0,0,0,0,0,0,0.000718,1,0,1
quincysd1,quincysd1,,46,0,0,0,0,0,0,0.000718,1,0,1
bquihuis2018,bquihuis2018,,3,0,0,0,0,0,0,0.000718,1,0,1
100mprechivas,100mprechivas,,1,0,0,0,0,0,0,0.000718,1,0,1
Antonio66483886,Antonio66483886,,73,0,0,0,0,0,0,0.000718,1,0,1
Alfredo93463665,Alfredo93463665,,5,0,0,0,0,0,0,0.000718,1,0,1
KatanaHugo,KatanaHugo,,77432,0,0,0,0,0,0,0.000718,1,0,1
emotions_pur,emotions_pur,,32998,0,0,0,0,0,0,0.000718,1,0,1
Hot_Gym_Babes,Hot_Gym_Babes,,1758,0,0,0,0,0,0,0.000718,1,0,1
andrew55184121,andrew55184121,,1,0,0,0,0,0,0,0.000718,1,0,1
Unknown44936816,Unknown44936816,,24,0,0,0,0,0,0,0.000718,1,0,1
Buddy80325058,Buddy80325058,,1,0,0,0,0,0,0,0.000718,1,0,1
kwifruit,kwifruit,,83,0,0,0,0,0,0,0.000718,1,0,1
marcosrafaelel1,marcosrafaelel1,,22,0,0,0,0,0,0,0.000718,1,0,1
alexgarciaguerr,alexgarciaguerr,,60,0,0,0,0,0,0,0.000718,1,0,1
noce_noce_noce,noce_noce_noce,,54,0,0,0,0,0,0,0.000718,1,0,1
tigo_tigo77,tigo_tigo77,,8,0,0,0,0,0,0,0.000718,1,0,1
Lintang2214,Lintang2214,,0,0,0,0,0,0,0,0.000718,1,0,1
hotpinkrules,hotpinkrules,,41,0,0,0,0,0,0,0.000718,1,0,1
geraintbig20,geraintbig20,,213,0,0,0,0,0,0,0.000718,1,0,1
galleos2013,galleos2013,,163,0,0,0,0,0,0,0.000718,1,0,1
aha73210823,aha73210823,,29,0,0,0,0,0,0,0.000718,1,0,1
bluearmy94,bluearmy94,,72,0,0,0,0,0,0,0.000718,1,0,1
Roberth40508208,Roberth40508208,,33,0,0,0,0,0,0,0.000718,1,0,1
AularIsaias,AularIsaias,,47,0,0,0,0,0,0,0.000718,1,0,1
Crissito24,Crissito24,,13,0,0,0,0,0,0,0.000718,1,0,1
ArunPC04101920,ArunPC04101920,,2,0,0,0,0,0,0,0.000718,1,0,1
martellewells,martellewells,,1129,0,0,0,0,0,0,0.000718,1,0,1
be5a7f29a0da499,be5a7f29a0da499,,50,0,0,0,0,0,0,0.000718,1,0,1
striker61418867,striker61418867,,9,0,0,0,0,0,0,0.000718,1,0,1
mrodrigue0,mrodrigue0,,114,0,0,0,0,0,0,0.000718,1,0,1
heyoimhorny,heyoimhorny,,10,0,0,0,0,0,0,0.000718,1,0,1
aortizcalanche,aortizcalanche,,180,0,0,0,0,0,0,0.000718,1,0,1
Adrian05343629,Adrian05343629,,18,0,0,0,0,0,0,0.000718,1,0,1
danielpipo84,danielpipo84,,28,0,0,0,0,0,0,0.000718,1,0,1
jok3r5laught,jok3r5laught,,92,0,0,0,0,0,0,0.000718,1,0,1
nacho68658256,nacho68658256,,75,0,0,0,0,0,0,0.000718,1,0,1
pauldiaz_21,pauldiaz_21,,227,0,0,0,0,0,0,0.000718,1,0,1
natsu81shou121,natsu81shou121,,64,0,0,0,0,0,0,0.000718,1,0,1
hosamyasin4,hosamyasin4,,82,0,0,0,0,0,0,0.000718,1,0,1
ericcampos83,ericcampos83,,22,0,0,0,0,0,0,0.000718,1,0,1
Coalaliento1,Coalaliento1,,1,0,0,0,0,0,0,0.000718,1,0,1
DuquetKeanu,DuquetKeanu,,103,0,0,0,0,0,0,0.000718,1,0,1
saeidwk,saeidwk,,7,0,0,0,0,0,0,0.000718,1,0,1
MarioRo35407674,MarioRo35407674,,15,0,0,0,0,0,0,0.000718,1,0,1
Angelic66927693,Angelic66927693,,6,0,0,0,0,0,0,0.000718,1,0,1
ashokmasti007,ashokmasti007,,8,0,0,0,0,0,0,0.000718,1,0,1
TheJoke91877592,TheJoke91877592,,1756,0,0,0,0,0,0,0.000718,1,0,1
Cuso691,Cuso691,,4,0,0,0,0,0,0,0.000718,1,0,1
butogu,butogu,,6,0,0,0,0,0,0,0.000718,1,0,1
AoSebas,AoSebas,,66,0,0,0,0,0,0,0.000718,1,0,1
negromaravilla,negromaravilla,,15,0,0,0,0,0,0,0.000718,1,0,1
ShairRajput,ShairRajput,,4,0,0,0,0,0,0,0.000718,1,0,1
Paulino83569073,Paulino83569073,,4,0,0,0,0,0,0,0.000718,1,0,1
FabianL81986376,FabianL81986376,,14,0,0,0,0,0,0,0.000718,1,0,1
Jhonmario2081,Jhonmario2081,,111,0,0,0,0,0,0,0.000718,1,0,1
meckler_am,meckler_am,,4,0,0,0,0,0,0,0.000718,1,0,1
oscarma64905334,oscarma64905334,,306,0,0,0,0,0,0,0.000718,1,0,1
Jamie2names,Jamie2names,,16,0,0,0,0,0,0,0.000718,1,0,1
l_i_1__,l_i_1__,,2,0,0,0,0,0,0,0.000718,1,0,1
Eduardo21954494,Eduardo21954494,,63,0,0,0,0,0,0,0.000718,1,0,1
MikeRob74777193,MikeRob74777193,,29,0,0,0,0,0,0,0.000718,1,0,1
radio_edm_only,radio_edm_only,,439,0,0,0,0,0,0,0.000718,1,0,1
AllowedGirls,AllowedGirls,,1,0,0,0,0,0,0,0.000718,1,0,1
Fernand91567008,Fernand91567008,,2,0,0,0,0,0,0,0.000718,1,0,1
LeiraOsuna,LeiraOsuna,,16,0,0,0,0,0,0,0.000718,1,0,1
Roa1Luis,Roa1Luis,,27,0,0,0,0,0,0,0.000718,1,0,1
Guiller51993624,Guiller51993624,,30,0,0,0,0,0,0,0.000718,1,0,1
MySimpa83508570,MySimpa83508570,,19,0,0,0,0,0,0,0.000718,1,0,1
Murat70864762,Murat70864762,,4,0,0,0,0,0,0,0.000718,1,0,1
OnlyGir36670760,OnlyGir36670760,,5,0,0,0,0,0,0,0.000718,1,0,1
Praveen60238988,Praveen60238988,,272,0,0,0,0,0,0,0.000718,1,0,1
eyahelz,eyahelz,,16,0,0,0,0,0,0,0.000718,1,0,1
LilRock_91,LilRock_91,,174,0,0,0,0,0,0,0.000718,1,0,1
Jluis24626625,Jluis24626625,,13,0,0,0,0,0,0,0.000718,1,0,1
chidoflores,chidoflores,,36,0,0,0,0,0,0,0.000718,1,0,1
Lungelo21975217,Lungelo21975217,,66,0,0,0,0,0,0,0.000718,1,0,1
Mstar27797141,Mstar27797141,,4,0,0,0,0,0,0,0.000718,1,0,1
EdgarYa16153398,EdgarYa16153398,,2,0,0,0,0,0,0,0.000718,1,0,1
Novatin22,Novatin22,,52,0,0,0,0,0,0,0.000718,1,0,1
HamidAl77225116,HamidAl77225116,,101,0,0,0,0,0,0,0.000718,1,0,1
lalit198903,lalit198903,,2,0,0,0,0,0,0,0.000718,1,0,1
Samuelb62787027,Samuelb62787027,,8,0,0,0,0,0,0,0.000718,1,0,1
Greatel02,Greatel02,,25,0,0,0,0,0,0,0.000718,1,0,1
HuGoO_Cabrera,HuGoO_Cabrera,,15,0,0,0,0,0,0,0.000718,1,0,1
tudodky,tudodky,,185,0,0,0,0,0,0,0.000718,1,0,1
7P67xzbgJIYIffV,7P67xzbgJIYIffV,,5,0,0,0,0,0,0,0.000718,1,0,1
orgonca06,orgonca06,,1187,0,0,0,0,0,0,0.000718,1,0,1
d28billones,d28billones,,14,0,0,0,0,0,0,0.000718,1,0,1
J67492494,J67492494,,9,0,0,0,0,0,0,0.000718,1,0,1
Toheeb17202083,Toheeb17202083,,4,0,0,0,0,0,0,0.000718,1,0,1
kybelexxx,kybelexxx,,20,0,0,0,0,0,0,0.000718,1,0,1
OscarCu64501210,OscarCu64501210,,1,0,0,0,0,0,0,0.000718,1,0,1
j_optiimystic,j_optiimystic,,17,0,0,0,0,0,0,0.000718,1,0,1
Josue2392S,Josue2392S,,16,0,0,0,0,0,0,0.000718,1,0,1
Awersimo1,Awersimo1,,11,0,0,0,0,0,0,0.000718,1,0,1
torrielovewwe,torrielovewwe,,126,0,0,0,0,0,0,0.000718,1,0,1
kjwiki,kjwiki,,155,0,0,0,0,0,0,0.000718,1,0,1
waldoz1,waldoz1,,7,0,0,0,0,0,0,0.000718,1,0,1
LALO4772,LALO4772,,60,0,0,0,0,0,0,0.000718,1,0,1
juangol89,juangol89,,555,0,0,0,0,0,0,0.000718,1,0,1
1873Jorge,1873Jorge,,405,0,0,0,0,0,0,0.000718,1,0,1
ilyeschebbi5,ilyeschebbi5,,11,0,0,0,0,0,0,0.000718,1,0,1
johnypietka,johnypietka,,30,0,0,0,0,0,0,0.000718,1,0,1
Indiandude007,Indiandude007,,741,0,0,0,0,0,0,0.000718,1,0,1
MartnCaldern13,MartnCaldern13,,8,0,0,0,0,0,0,0.000718,1,0,1
jjsuare79645426,jjsuare79645426,,92,0,0,0,0,0,0,0.000718,1,0,1
esecarin1,esecarin1,,6,0,0,0,0,0,0,0.000718,1,0,1
pillopeno,pillopeno,,140,0,0,0,0,0,0,0.000718,1,0,1
donsex69,donsex69,,530,0,0,0,0,0,0,0.000718,1,0,1
RuiNarox,RuiNarox,,28,0,0,0,0,0,0,0.000718,1,0,1
DantePaul15,DantePaul15,,19,0,0,0,0,0,0,0.000718,1,0,1
JemmaLousiex,JemmaLousiex,,34,0,0,0,0,0,0,0.000718,1,0,1
LuisNue49943618,LuisNue49943618,,9,0,0,0,0,0,0,0.000718,1,0,1
Casa92227298,Casa92227298,,12,0,0,0,0,0,0,0.000718,1,0,1
Mohamed01930739,Mohamed01930739,,8,0,0,0,0,0,0,0.000718,1,0,1
Eslamwa97714775,Eslamwa97714775,,0,0,0,0,0,0,0,0.000718,1,0,1
addandfollows,addandfollows,,9,0,0,0,0,0,0,0.000718,1,0,1
M4BOGr2RHCCAKwh,M4BOGr2RHCCAKwh,,27,0,0,0,0,0,0,0.000718,1,0,1
kacong15187431,kacong15187431,,0,0,0,0,0,0,0,0.000718,1,0,1
andrew78749388,andrew78749388,,2,0,0,0,0,0,0,0.000718,1,0,1
almont06,almont06,,19,0,0,0,0,0,0,0.000718,1,0,1
Mahe04724624,Mahe04724624,,8,0,0,0,0,0,0,0.000718,1,0,1
Monserr01874979,Monserr01874979,,0,0,0,0,0,0,0,0.000718,1,0,1
Francis06893086,Francis06893086,,5,0,0,0,0,0,0,0.000718,1,0,1
LuisCal54121922,LuisCal54121922,,164,0,0,0,0,0,0,0.000718,1,0,1
TOMMi53554399,TOMMi53554399,,15,0,0,0,0,0,0,0.000718,1,0,1
queenofbootys,queenofbootys,,333,0,0,0,0,0,0,0.000718,1,0,1
Abdinaj09385787,Abdinaj09385787,,43,0,0,0,0,0,0,0.000718,1,0,1
pepinbosoliny,pepinbosoliny,,80,0,0,0,0,0,0,0.000718,1,0,1
dericxrodrigues,dericxrodrigues,,26,0,0,0,0,0,0,0.000718,1,0,1
Alpha_tec19,Alpha_tec19,,11,0,0,0,0,0,0,0.000718,1,0,1
tanakatarou022,tanakatarou022,,205,0,0,0,0,0,0,0.000718,1,0,1
shahanur464,shahanur464,,263,0,0,0,0,0,0,0.000718,1,0,1
daniels66196052,daniels66196052,,791,0,0,0,0,0,0,0.000718,1,0,1
SayedHamdi11,SayedHamdi11,,25,0,0,0,0,0,0,0.000718,1,0,1
mundano123,mundano123,,20,0,0,0,0,0,0,0.000718,1,0,1
ElGranDaw,ElGranDaw,,214,0,0,0,0,0,0,0.000718,1,0,1
Xawax71,Xawax71,,13,0,0,0,0,0,0,0.000718,1,0,1
SIKANDAR0_,SIKANDAR0_,,4570,0,0,0,0,0,0,0.000718,1,0,1
NeoGxro,NeoGxro,,192,0,0,0,0,0,0,0.000718,1,0,1
EmilRGarcesR1,EmilRGarcesR1,,6,0,0,0,0,0,0,0.000718,1,0,1
gladiadoregio,gladiadoregio,,169,0,0,0,0,0,0,0.000718,1,0,1
RSpm9sFsgtic8JP,RSpm9sFsgtic8JP,,44,0,0,0,0,0,0,0.000718,1,0,1
Eric37158811,Eric37158811,,38,0,0,0,0,0,0,0.000718,1,0,1
KuryG,KuryG,,98,0,0,0,0,0,0,0.000718,1,0,1
carlos2v_7,carlos2v_7,,120,0,0,0,0,0,0,0.000718,1,0,1
f45edwin,f45edwin,,113,0,0,0,0,0,0,0.000718,1,0,1
dvrkraii,dvrkraii,,3,0,0,0,0,0,0,0.000718,1,0,1
HorvthJ27507063,HorvthJ27507063,,72,0,0,0,0,0,0,0.000718,1,0,1
dppadilla88,dppadilla88,,32,0,0,0,0,0,0,0.000718,1,0,1
UFranquez,UFranquez,,4,0,0,0,0,0,0,0.000718,1,0,1
ramoncaratal19,ramoncaratal19,,951,0,0,0,0,0,0,0.000718,1,0,1
Rookaa72417976,Rookaa72417976,,161,0,0,0,0,0,0,0.000718,1,0,1
LecouvertJ,LecouvertJ,,27,0,0,0,0,0,0,0.000718,1,0,1
AliiiiiiAy,AliiiiiiAy,,1492,0,0,0,0,0,0,0.000718,1,0,1
FalitiEdgardo,FalitiEdgardo,,0,0,0,0,0,0,0,0.000718,1,0,1
PulgarMaikel,PulgarMaikel,,12,0,0,0,0,0,0,0.000718,1,0,1
fabiovaz1995,fabiovaz1995,,32,0,0,0,0,0,0,0.000718,1,0,1
Germn14050623,Germn14050623,,10,0,0,0,0,0,0,0.000718,1,0,1
Docpss2,Docpss2,,15,0,0,0,0,0,0,0.000718,1,0,1
milkyhogy,milkyhogy,,517,0,0,0,0,0,0,0.000718,1,0,1
bolivar2018,bolivar2018,,32,0,0,0,0,0,0,0.000718,1,0,1
PagliaNunzio,PagliaNunzio,,7,0,0,0,0,0,0,0.000718,1,0,1
Enrique70896220,Enrique70896220,,5,0,0,0,0,0,0,0.000718,1,0,1
LuisMor14351547,LuisMor14351547,,4,0,0,0,0,0,0,0.000718,1,0,1
MatthewCudak,MatthewCudak,,25,0,0,0,0,0,0,0.000718,1,0,1
Juan17328618,Juan17328618,,88,0,0,0,0,0,0,0.000718,1,0,1
Sam02932386,Sam02932386,,3,0,0,0,0,0,0,0.000718,1,0,1
DavidCr22076349,DavidCr22076349,,1,0,0,0,0,0,0,0.000718,1,0,1
oiperegrino,oiperegrino,,12,0,0,0,0,0,0,0.000718,1,0,1
sayu60293671,sayu60293671,,440,0,0,0,0,0,0,0.000718,1,0,1
sikinami0817,sikinami0817,,6,0,0,0,0,0,0,0.000718,1,0,1
quzumurat34,quzumurat34,,2,0,0,0,0,0,0,0.000718,1,0,1
luislcondeh,luislcondeh,,20,0,0,0,0,0,0,0.000718,1,0,1
gates98888,gates98888,,9,0,0,0,0,0,0,0.000718,1,0,1
Selcukakr5,Selcukakr5,,136,0,0,0,0,0,0,0.000718,1,0,1
o2iAIDRlksvuoXL,o2iAIDRlksvuoXL,,212,0,0,0,0,0,0,0.000718,1,0,1
FEdits92,FEdits92,,4381,0,0,0,0,0,0,0.000718,1,0,1
Murat0606061,Murat0606061,,2169,0,0,0,0,0,0,0.000718,1,0,1
zx12runcle,zx12runcle,,2469,0,0,0,0,0,0,0.000718,1,0,1
1986Eliandro,1986Eliandro,,26,0,0,0,0,0,0,0.000718,1,0,1
Ricardo78560091,Ricardo78560091,,86,0,0,0,0,0,0,0.000718,1,0,1
roshanarya2051,roshanarya2051,,3,0,0,0,0,0,0,0.000718,1,0,1
Pablo67103463,Pablo67103463,,12,0,0,0,0,0,0,0.000718,1,0,1
timothy44275658,timothy44275658,,81,0,0,0,0,0,0,0.000718,1,0,1
amrmuha69537819,amrmuha69537819,,9,0,0,0,0,0,0,0.000718,1,0,1
NikhilS55138260,NikhilS55138260,,11,0,0,0,0,0,0,0.000718,1,0,1
RonaldAriasRios,RonaldAriasRios,,130,0,0,0,0,0,0,0.000718,1,0,1
JackSandler11,JackSandler11,,11,0,0,0,0,0,0,0.000718,1,0,1
Mk54366498,Mk54366498,,29,0,0,0,0,0,0,0.000718,1,0,1
just_trust2,just_trust2,,13,0,0,0,0,0,0,0.000718,1,0,1
foxRengo,foxRengo,,269,0,0,0,0,0,0,0.000718,1,0,1
GentianVako,GentianVako,,1,0,0,0,0,0,0,0.000718,1,0,1
08Mfiggs,08Mfiggs,,117,0,0,0,0,0,0,0.000718,1,0,1
Ram84005527,Ram84005527,,3,0,0,0,0,0,0,0.000718,1,0,1
BrightonBright0,BrightonBright0,,32,0,0,0,0,0,0,0.000718,1,0,1
DorrisM24052910,DorrisM24052910,,10,0,0,0,0,0,0,0.000718,1,0,1
Cristia77843431,Cristia77843431,,18,0,0,0,0,0,0,0.000718,1,0,1
Noahvieira3,Noahvieira3,,2,0,0,0,0,0,0,0.000718,1,0,1
HappySarpanch7,HappySarpanch7,,7,0,0,0,0,0,0,0.000718,1,0,1
ken41347403,ken41347403,,5,0,0,0,0,0,0,0.000718,1,0,1
Juanman12358420,Juanman12358420,,54,0,0,0,0,0,0,0.000718,1,0,1
sensasimain3,sensasimain3,,11,0,0,0,0,0,0,0.000718,1,0,1
sergan59106997,sergan59106997,,184,0,0,0,0,0,0,0.000718,1,0,1
KonIbra92585355,KonIbra92585355,,23,0,0,0,0,0,0,0.000718,1,0,1
KarlBRodriguez1,KarlBRodriguez1,,1,0,0,0,0,0,0,0.000718,1,0,1
stephenwaddin18,stephenwaddin18,,84,0,0,0,0,0,0,0.000718,1,0,1
YamBoxUk,YamBoxUk,,51,0,0,0,0,0,0,0.000718,1,0,1
johnsmi52514397,johnsmi52514397,,2,0,0,0,0,0,0,0.000718,1,0,1
SmithRobalino,SmithRobalino,,3,0,0,0,0,0,0,0.000718,1,0,1
toppswhitehead,toppswhitehead,,44,0,0,0,0,0,0,0.000718,1,0,1
Gustavo65936325,Gustavo65936325,,3,0,0,0,0,0,0,0.000718,1,0,1
rikycarmozan,rikycarmozan,,6,0,0,0,0,0,0,0.000718,1,0,1
Gazza19001,Gazza19001,,53,0,0,0,0,0,0,0.000718,1,0,1
Septian86702797,Septian86702797,,16,0,0,0,0,0,0,0.000718,1,0,1
Brandon15074801,Brandon15074801,,22,0,0,0,0,0,0,0.000718,1,0,1
Alexangolano,Alexangolano,,120,0,0,0,0,0,0,0.000718,1,0,1
Axel20239580,Axel20239580,,4,0,0,0,0,0,0,0.000718,1,0,1
joaquinrusso,joaquinrusso,,7,0,0,0,0,0,0,0.000718,1,0,1
sixel201132,sixel201132,,26,0,0,0,0,0,0,0.000718,1,0,1
Carlostelles422,Carlostelles422,,204,0,0,0,0,0,0,0.000718,1,0,1
KezmezMurat,KezmezMurat,,1,0,0,0,0,0,0,0.000718,1,0,1
Koodainosuke,Koodainosuke,,54,0,0,0,0,0,0,0.000718,1,0,1
JoshBrak2,JoshBrak2,,7,0,0,0,0,0,0,0.000718,1,0,1
BeraEldeeb,BeraEldeeb,,109,0,0,0,0,0,0,0.000718,1,0,1
mastercheif39,mastercheif39,,7,0,0,0,0,0,0,0.000718,1,0,1
JParipurana,JParipurana,,35,0,0,0,0,0,0,0.000718,1,0,1
Mau92788167,Mau92788167,,25,0,0,0,0,0,0,0.000718,1,0,1
ErnestoMen08,ErnestoMen08,,14,0,0,0,0,0,0,0.000718,1,0,1
JoeSantangelo88,JoeSantangelo88,,743,0,0,0,0,0,0,0.000718,1,0,1
Zinedin58324549,Zinedin58324549,,5,0,0,0,0,0,0,0.000718,1,0,1
Rosales_Murillo,Rosales_Murillo,,425,0,0,0,0,0,0,0.000718,1,0,1
SothuonTes4,SothuonTes4,,90,0,0,0,0,0,0,0.000718,1,0,1
ChagasJose2,ChagasJose2,,119,0,0,0,0,0,0,0.000718,1,0,1
MikeDamon10,MikeDamon10,,166,0,0,0,0,0,0,0.000718,1,0,1
Renba04367730,Renba04367730,,70,0,0,0,0,0,0,0.000718,1,0,1
Jose83149513,Jose83149513,,69,0,0,0,0,0,0,0.000718,1,0,1
Robert62236024,Robert62236024,,4,0,0,0,0,0,0,0.000718,1,0,1
jonatha11714721,jonatha11714721,,29,0,0,0,0,0,0,0.000718,1,0,1
Yas_21134,Yas_21134,,52,0,0,0,0,0,0,0.000718,1,0,1
mark_glymond,mark_glymond,,405,0,0,0,0,0,0,0.000718,1,0,1
AlexisR50175125,AlexisR50175125,,106,0,0,0,0,0,0,0.000718,1,0,1
sekousylla100,sekousylla100,,214,0,0,0,0,0,0,0.000718,1,0,1
wistonp1,wistonp1,,1,0,0,0,0,0,0,0.000718,1,0,1
Benzxminho_,Benzxminho_,,3920,0,0,0,0,0,0,0.000718,1,0,1
0hYXY8LLsjkdFh0,0hYXY8LLsjkdFh0,,2,0,0,0,0,0,0,0.000718,1,0,1
Vidau96191925,Vidau96191925,,3,0,0,0,0,0,0,0.000718,1,0,1
yantor390,yantor390,,64,0,0,0,0,0,0,0.000718,1,0,1
sykingzm,sykingzm,,2,0,0,0,0,0,0,0.000718,1,0,1
Grieve6Ian,Grieve6Ian,,213,0,0,0,0,0,0,0.000718,1,0,1
yankees110109,yankees110109,,3,0,0,0,0,0,0,0.000718,1,0,1
TamerNaguib2022,TamerNaguib2022,,27,0,0,0,0,0,0,0.000718,1,0,1
eric_charlotte,eric_charlotte,,234,0,0,0,0,0,0,0.000718,1,0,1
rohitsaha1400,rohitsaha1400,,20,0,0,0,0,0,0,0.000718,1,0,1
Felipe31Tornado,Felipe31Tornado,,28,0,0,0,0,0,0,0.000718,1,0,1
tomemarcano1,tomemarcano1,,76,0,0,0,0,0,0,0.000718,1,0,1
Lajagaia,Lajagaia,,21,0,0,0,0,0,0,0.000718,1,0,1
ackmall,ackmall,,97,0,0,0,0,0,0,0.000718,1,0,1
izocr4w_oficial,izocr4w_oficial,,540,0,0,0,0,0,0,0.000718,1,0,1
benny_Derrick,benny_Derrick,,8,0,0,0,0,0,0,0.000718,1,0,1
Oskar810,Oskar810,,1,0,0,0,0,0,0,0.000718,1,0,1
phee_pat,phee_pat,,53,0,0,0,0,0,0,0.000718,1,0,1
LinghamColin,LinghamColin,,443,0,0,0,0,0,0,0.000718,1,0,1
Luis17268972,Luis17268972,,3,0,0,0,0,0,0,0.000718,1,0,1
Fatih67438243,Fatih67438243,,55,0,0,0,0,0,0,0.000718,1,0,1
feralvarez2016,feralvarez2016,,41,0,0,0,0,0,0,0.000718,1,0,1
Lorensoup,Lorensoup,,18,0,0,0,0,0,0,0.000718,1,0,1
Tim852Hk,Tim852Hk,,2348,0,0,0,0,0,0,0.000718,1,0,1
pique_cristian,pique_cristian,,21,0,0,0,0,0,0,0.000718,1,0,1
Cobi_Cuton,Cobi_Cuton,,193,0,0,0,0,0,0,0.000718,1,0,1
smedjapuma,smedjapuma,,160,0,0,0,0,0,0,0.000718,1,0,1
amr_elnezlawy,amr_elnezlawy,,508,0,0,0,0,0,0,0.000718,1,0,1
AvfcMorris92,AvfcMorris92,,6139,0,0,0,0,0,0,0.000718,1,0,1
JosueRuizCande1,JosueRuizCande1,,11,0,0,0,0,0,0,0.000718,1,0,1
rpa_sailo,rpa_sailo,,5,0,0,0,0,0,0,0.000718,1,0,1
bohorquezraul90,bohorquezraul90,,25,0,0,0,0,0,0,0.000718,1,0,1
linley_john,linley_john,,1116,0,0,0,0,0,0,0.000718,1,0,1
HugoMag64683901,HugoMag64683901,,165,0,0,0,0,0,0,0.000718,1,0,1
Romiyo45031048,Romiyo45031048,,18,0,0,0,0,0,0,0.000718,1,0,1
Carlos85768311,Carlos85768311,,1,0,0,0,0,0,0,0.000718,1,0,1
Dirtydo57484581,Dirtydo57484581,,7,0,0,0,0,0,0,0.000718,1,0,1
khamosh83317168,khamosh83317168,,3,0,0,0,0,0,0,0.000718,1,0,1
lsouzil,lsouzil,,39,0,0,0,0,0,0,0.000718,1,0,1
xxx116554,xxx116554,,38,0,0,0,0,0,0,0.000718,1,0,1
kdogg2328,kdogg2328,,3,0,0,0,0,0,0,0.000718,1,0,1
markphilips0,markphilips0,,80,0,0,0,0,0,0,0.000718,1,0,1
krav_mark,krav_mark,,378,0,0,0,0,0,0,0.000718,1,0,1
Zureta35256,Zureta35256,,38,0,0,0,0,0,0,0.000718,1,0,1
mikelbuzzard51,mikelbuzzard51,,49,0,0,0,0,0,0,0.000718,1,0,1
gabriellec_xx,gabriellec_xx,,30,0,0,0,0,0,0,0.000718,1,0,1
prospero_11,prospero_11,,178,0,0,0,0,0,0,0.000718,1,0,1
SazibSijan1,SazibSijan1,,735,0,0,0,0,0,0,0.000718,1,0,1
msk_ismail,msk_ismail,,1122,0,0,0,0,0,0,0.000718,1,0,1
makesSYC,makesSYC,,27,0,0,0,0,0,0,0.000718,1,0,1
fermave13,fermave13,,184,0,0,0,0,0,0,0.000718,1,0,1
HunkelTim,HunkelTim,,38,0,0,0,0,0,0,0.000718,1,0,1
fanfan1234567,fanfan1234567,,35,0,0,0,0,0,0,0.000718,1,0,1
leelongjone,leelongjone,,92,0,0,0,0,0,0,0.000718,1,0,1
rgreggmadison,rgreggmadison,,46,0,0,0,0,0,0,0.000718,1,0,1
pwcchung2363,pwcchung2363,,53,0,0,0,0,0,0,0.000718,1,0,1
_talahaTT_,_talahaTT_,,615,0,0,0,0,0,0,0.000718,1,0,1
daniel97918407,daniel97918407,,13,0,0,0,0,0,0,0.000718,1,0,1
IgnacioNDaz1,IgnacioNDaz1,,1733,0,0,0,0,0,0,0.000718,1,0,1
AdolfoAlcantar3,AdolfoAlcantar3,,33,0,0,0,0,0,0,0.000718,1,0,1
sonrieyoinvitoo,sonrieyoinvitoo,,5397,0,0,0,0,0,0,0.000718,1,0,1
JorgeZamora031,JorgeZamora031,,207,0,0,0,0,0,0,0.000718,1,0,1
EdwardA88329925,EdwardA88329925,,36,0,0,0,0,0,0,0.000718,1,0,1
N5Arteta,N5Arteta,,653,0,0,0,0,0,0,0.000718,1,0,1
henrytoral,henrytoral,,168,0,0,0,0,0,0,0.000718,1,0,1
makaveliThePro,makaveliThePro,,249,0,0,0,0,0,0,0.000718,1,0,1
Manuel15257623,Manuel15257623,,66,0,0,0,0,0,0,0.000718,1,0,1
ashburnchris081,ashburnchris081,,129,0,0,0,0,0,0,0.000718,1,0,1
Leattherface_30,Leattherface_30,,35,0,0,0,0,0,0,0.000718,1,0,1
NataliaJuicePl1,NataliaJuicePl1,,22,0,0,0,0,0,0,0.000718,1,0,1
Jan93202255,Jan93202255,,96,0,0,0,0,0,0,0.000718,1,0,1
crancourt921,crancourt921,,303,0,0,0,0,0,0,0.000718,1,0,1
sxci_,sxci_,,13654,0,0,0,0,0,0,0.000718,1,0,1
RECEP64842391,RECEP64842391,,180,0,0,0,0,0,0,0.000718,1,0,1
DannyBhai8,DannyBhai8,,176,0,0,0,0,0,0,0.000718,1,0,1
HectorO94021809,HectorO94021809,,383,0,0,0,0,0,0,0.000718,1,0,1
jodidomorbo1,jodidomorbo1,,148,0,0,0,0,0,0,0.000718,1,0,1
andrewholmes58,andrewholmes58,,10,0,0,0,0,0,0,0.000718,1,0,1
mariofjson,mariofjson,,4,0,0,0,0,0,0,0.000718,1,0,1
Boredon82,Boredon82,,11,0,0,0,0,0,0,0.000718,1,0,1
vicomx_1,vicomx_1,,51,0,0,0,0,0,0,0.000718,1,0,1
SEXYHORNYRACER4,SEXYHORNYRACER4,,93,0,0,0,0,0,0,0.000718,1,0,1
Alexis07615285,Alexis07615285,,8,0,0,0,0,0,0,0.000718,1,0,1
ortiz_carbonell,ortiz_carbonell,,83,0,0,0,0,0,0,0.000718,1,0,1
wwwXstarlivecom,wwwXstarlivecom,,825,0,0,0,0,0,0,0.000718,1,0,1
Tyseancoop,Tyseancoop,,546,0,0,0,0,0,0,0.000718,1,0,1
Dogukanztrk13,Dogukanztrk13,,166,0,0,0,0,0,0,0.000718,1,0,1
Benitocoronado7,Benitocoronado7,,30,0,0,0,0,0,0,0.000718,1,0,1
pirrin_81,pirrin_81,,51,0,0,0,0,0,0,0.000718,1,0,1
Nilsongutierr11,Nilsongutierr11,,2,0,0,0,0,0,0,0.000718,1,0,1
AidenA22,AidenA22,,38,0,0,0,0,0,0,0.000718,1,0,1
Fadi_mks,Fadi_mks,,18,0,0,0,0,0,0,0.000718,1,0,1
Geraboi96,Geraboi96,,9,0,0,0,0,0,0,0.000718,1,0,1
chakrav78326892,chakrav78326892,,31,1,0,0,0,0,0,0.000722,1,0,1
Neelkumar143,Neelkumar143,,10,1,0,0,0,0,0,0.000722,1,0,1
Siwaphiwe87,Siwaphiwe87,,959,1,0,0,0,0,0,0.000722,1,0,1
GaganGPatil1,GaganGPatil1,,69,1,0,0,0,0,0,0.000722,1,0,1
JaishettyRajesh,JaishettyRajesh,,6,1,0,0,0,0,0,0.000722,1,0,1
GirlHeer,GirlHeer,,147,1,0,0,0,0,0,0.000722,1,0,1
rakesh_bagade,rakesh_bagade,,76,1,0,0,0,0,0,0.000722,1,0,1
Kiran90016543,Kiran90016543,,57,1,0,0,0,0,0,0.000722,1,0,1
Keshavkumar95g1,Keshavkumar95g1,,12,1,0,0,0,0,0,0.000722,1,0,1
BijanPundari,BijanPundari,,11,1,0,0,0,0,0,0.000722,1,0,1
Amareshuligudda,Amareshuligudda,,14,1,0,0,0,0,0,0.000722,1,0,1
yosuabenziher,yosuabenziher,,876,1,0,0,0,0,0,0.000722,1,0,1
EndabetlaRaja,EndabetlaRaja,,4,1,0,0,0,0,0,0.000722,1,0,1
Vishnup47663995,Vishnup47663995,,60,1,0,0,0,0,0,0.000722,1,0,1
LalluAlok,LalluAlok,,67,1,0,0,0,0,0,0.000722,1,0,1
nitinto67644551,nitinto67644551,,1228,1,0,0,0,0,0,0.000722,1,0,1
ankitss,ankitss,,410,1,0,0,0,0,0,0.000722,1,0,1
IamRaveendraTH,IamRaveendraTH,,53,1,0,0,0,0,0,0.000722,1,0,1
Mnbiradar,Mnbiradar,,681,1,0,0,0,0,0,0.000722,1,0,1
Anamika39804947,Anamika39804947,,1643,1,0,0,0,0,0,0.000722,1,0,1
ugurarslanvip,ugurarslanvip,,419041,1,0,0,0,0,0,0.000722,1,0,1
NiteshShivhar11,NiteshShivhar11,,18,1,0,0,0,0,0,0.000722,1,0,1
diwakar2jha,diwakar2jha,,1133,1,0,0,0,0,0,0.000722,1,0,1
MukeshKumarFan,MukeshKumarFan,,157,1,0,0,0,0,0,0.000722,1,0,1
khalidY89785185,khalidY89785185,,172,1,0,0,0,0,0,0.000722,1,0,1
BrazyhPS4,BrazyhPS4,,150,1,0,0,0,0,0,0.000722,1,0,1
suganrajR2,suganrajR2,,5,1,0,0,0,0,0,0.000722,1,0,1
Shahul05111992,Shahul05111992,,44,1,0,0,0,0,0,0.000722,1,0,1
PrathapAnugand1,PrathapAnugand1,,4,1,0,0,0,0,0,0.000722,1,0,1
nimmaharisha,nimmaharisha,,9,1,0,0,0,0,0,0.000722,1,0,1
Samlativiki2,Samlativiki2,,424,1,0,0,0,0,0,0.000722,1,0,1
Visharad_KW22,Visharad_KW22,,235,1,0,0,0,0,0,0.000722,1,0,1
nils_bh,nils_bh,,208,1,0,0,0,0,0,0.000722,1,0,1
MUJIBARSekh1,MUJIBARSekh1,,12,1,0,0,0,0,0,0.000722,1,0,1
Seenu_RG,Seenu_RG,,7,1,0,0,0,0,0,0.000722,1,0,1
948b17a409a4411,948b17a409a4411,,52,1,0,0,0,0,0,0.000722,1,0,1
AvilashSen7,AvilashSen7,,23,1,0,0,0,0,0,0.000722,1,0,1
ManUtdAction,ManUtdAction,,28236,1,0,0,0,0,0,0.000722,1,0,1
raees_amin,raees_amin,,335,1,0,0,0,0,0,0.000722,1,0,1
SachinJailiya,SachinJailiya,,135,1,0,0,0,0,0,0.000722,1,0,1
TejasCh55284475,TejasCh55284475,,2,1,0,0,0,0,0,0.000722,1,0,1
RitadiptaB,RitadiptaB,,2,1,0,0,0,0,0,0.000722,1,0,1
MOHANRA28918745,MOHANRA28918745,,10,1,0,0,0,0,0,0.000722,1,0,1
ChaudharyVipi18,ChaudharyVipi18,,576,1,0,0,0,0,0,0.000722,1,0,1
CardiffBros,CardiffBros,,748790,1,0,0,0,0,0,0.000722,1,0,1
Christina_emp,Christina_emp,,15862,1,0,0,0,0,0,0.000722,1,0,1
vijaytejKA08,vijaytejKA08,,460,1,0,0,0,0,0,0.000722,1,0,1
Pradeep98700,Pradeep98700,,2565,1,0,0,0,0,0,0.000722,1,0,1
saidercan,saidercan,,1065220,1,0,0,0,0,0,0.000722,1,0,1
chrisctownsvill,chrisctownsvill,,83,1,0,0,0,0,0,0.000722,1,0,1
solvtive,solvtive,,16727,1,0,0,0,0,0,0.000722,1,0,1
jakecardiff401,jakecardiff401,,1341302,1,0,0,0,0,0,0.000722,1,0,1
MkandlaJ,MkandlaJ,,235,1,0,0,0,0,0,0.000722,1,0,1
ManojChetri_,ManojChetri_,,3663,1,0,0,0,0,0,0.000722,1,0,1
BlueHarmonie,BlueHarmonie,,161498,1,0,0,0,0,0,0.000722,1,0,1
TrollMasterG,TrollMasterG,,873,1,0,0,0,0,0,0.000722,1,0,1
NadirOfc,NadirOfc,,1340441,1,0,0,0,0,0,0.000722,1,0,1
AmanKum02011998,AmanKum02011998,,264,1,0,0,0,0,0,0.000722,1,0,1
Yuv_Des_20,Yuv_Des_20,,303,1,0,0,0,0,0,0.000722,1,0,1
Buhari7654,Buhari7654,,2035,1,0,0,0,0,0,0.000722,1,0,1
SujoyBarg07,SujoyBarg07,,1859,1,0,0,0,0,0,0.000722,1,0,1
cricketdilseho,cricketdilseho,,915,1,0,0,0,0,0,0.000722,1,0,1
Manjunath_remo,Manjunath_remo,,212,1,0,0,0,0,0,0.000722,1,0,1
ImRajKannadiga,ImRajKannadiga,,250,1,0,0,0,0,0,0.000722,1,0,1
mourinhoeric,mourinhoeric,,861,1,0,0,0,0,0,0.000722,1,0,1
sanjanayadav16,sanjanayadav16,,2391,1,0,0,0,0,0,0.000722,1,0,1
FredBoycott,FredBoycott,,143889,1,0,0,0,0,0,0.000722,1,0,1
kannaR08,kannaR08,,96,1,0,0,0,0,0,0.000722,1,0,1
FYJBmsPHennomd6,FYJBmsPHennomd6,,75,1,0,0,0,0,0,0.000722,1,0,1
signslibra,signslibra,,454,1,0,0,0,0,0,0.000722,1,0,1
EliasMthembi,EliasMthembi,,187,1,0,0,0,0,0,0.000722,1,0,1
ukvishwa,ukvishwa,,2456,1,0,0,0,0,0,0.000722,1,0,1
Biswaji69724996,Biswaji69724996,,100,1,0,0,0,0,0,0.000722,1,0,1
StayHomStaySafe,StayHomStaySafe,,1303,1,0,0,0,0,0,0.000722,1,0,1
WilljRich14,WilljRich14,,124,1,0,0,0,0,0,0.000722,1,0,1
Nqualisto,Nqualisto,,510,1,0,0,0,0,0,0.000722,1,0,1
KohliNihal,KohliNihal,,661,1,0,0,0,0,0,0.000722,1,0,1
ramesh_rijul,ramesh_rijul,,204,1,0,0,0,0,0,0.000722,1,0,1
Fiqzol,Fiqzol,,78,1,0,0,0,0,0,0.000722,1,0,1
AamiyaNayak,AamiyaNayak,,30,1,0,0,0,0,0,0.000722,1,0,1
ShreyaM48003801,ShreyaM48003801,,27,1,0,0,0,0,0,0.000722,1,0,1
businesskudi,businesskudi,,1079,1,0,0,0,0,0,0.000722,1,0,1
care4mdarshadg1,care4mdarshadg1,,309,1,0,0,0,0,0,0.000722,1,0,1
manjunathsm20,manjunathsm20,,989,1,0,0,0,0,0,0.000722,1,0,1
serve_age,serve_age,,310,1,0,0,0,0,0,0.000722,1,0,1
abrarahnad0288,abrarahnad0288,,938,1,0,0,0,0,0,0.000722,1,0,1
man47511585,man47511585,,39,1,0,0,0,0,0,0.000722,1,0,1
IGTV_India,IGTV_India,,1546,1,0,0,0,0,0,0.000722,1,0,1
SatuPundir1,SatuPundir1,,932,1,0,0,0,0,0,0.000722,1,0,1
NaviKrishnasmpr,NaviKrishnasmpr,,3899,1,0,0,0,0,0,0.000722,1,0,1
XOGhmuvmuFufTp7,XOGhmuvmuFufTp7,,9,1,0,0,0,0,0,0.000722,1,0,1
k2zang_,k2zang_,,966,1,0,0,0,0,0,0.000722,1,0,1
NingannaDodama2,NingannaDodama2,,118,1,0,0,0,0,0,0.000722,1,0,1
chats_adda,chats_adda,,2,1,0,0,0,0,0,0.000722,1,0,1
erdem_temek,erdem_temek,,116324,1,0,0,0,0,0,0.000722,1,0,1
kilokeal,kilokeal,,411970,1,0,0,0,0,0,0.000722,1,0,1
jaredgark,jaredgark,,0,1,0,0,0,0,0,0.000722,1,0,1
lumi_princess,lumi_princess,,61146,1,0,0,0,0,0,0.000722,1,0,1
BindaasChica,BindaasChica,,959,1,0,0,0,0,0,0.000722,1,0,1
MuhammadSmiry,MuhammadSmiry,,252229,1,0,0,0,0,0,0.000722,1,0,1
epiccfitness,epiccfitness,,13239,1,0,0,0,0,0,0.000722,1,0,1
PuttubagaliA,PuttubagaliA,,1254,1,0,0,0,0,0,0.000722,1,0,1
cuteviews,cuteviews,,1631,1,0,0,0,0,0,0.000722,1,0,1
EmperorKafula,EmperorKafula,,13833,1,0,0,0,0,0,0.000722,1,0,1
AbdikhadarH,AbdikhadarH,,19216,1,0,0,0,0,0,0.000722,1,0,1
BiltekinResul,BiltekinResul,,2732,1,0,0,0,0,0,0.000722,1,0,1
cechv2,cechv2,,7178,1,0,0,0,0,0,0.000722,1,0,1
aon_cham,aon_cham,,24999,1,0,0,0,0,0,0.000722,1,0,1
franju,franju,,68919,1,0,0,0,0,0,0.000722,1,0,1
NanetaHayes,NanetaHayes,,39306,1,0,0,0,0,0,0.000722,1,0,1
joaquincrRM,joaquincrRM,,115173,1,0,0,0,0,0,0.000722,1,0,1
wandilembongwa8,wandilembongwa8,,9,1,0,0,0,0,0,0.000722,1,0,1
cogan_ayhan,cogan_ayhan,,2985,1,0,0,0,0,0,0.000722,1,0,1
bevalynekwambo3,bevalynekwambo3,,38217,1,0,0,0,0,0,0.000722,1,0,1
juanatoniomg,juanatoniomg,,13607,1,0,0,0,0,0,0.000722,1,0,1
TraceyS01012627,TraceyS01012627,,894,1,0,0,0,0,0,0.000722,1,0,1
SOLY_AK,SOLY_AK,,1189,1,0,0,0,0,0,0.000722,1,0,1
CammyDJ777,CammyDJ777,,447622,1,0,0,0,0,0,0.000722,1,0,1
paildar,paildar,,499,1,0,0,0,0,0,0.000722,1,0,1
mohamedbesher_,mohamedbesher_,,489487,1,0,0,0,0,0,0.000722,1,0,1
its_wizzyp,its_wizzyp,,533,1,0,0,0,0,0,0.000722,1,0,1
I_love_only_bjp,I_love_only_bjp,,3508,1,0,0,0,0,0,0.000722,1,0,1
koji2530112,koji2530112,,312950,1,0,0,0,0,0,0.000722,1,0,1
M1008P,M1008P,,119013,1,0,0,0,0,0,0.000722,1,0,1
manchumanoj30,manchumanoj30,,33,1,0,0,0,0,0,0.000722,1,0,1
adithan_lk,adithan_lk,,120,1,0,0,0,0,0,0.000722,1,0,1
KSgowda7,KSgowda7,,40,1,0,0,0,0,0,0.000722,1,0,1
0Gv9wHhjIWZLUy9,0Gv9wHhjIWZLUy9,,2299,1,0,0,0,0,0,0.000722,1,0,1
manojdubeyr,manojdubeyr,,7992,1,0,0,0,0,0,0.000722,1,0,1
TAEMIN_MY_LiFE_,TAEMIN_MY_LiFE_,,171466,1,0,0,0,0,0,0.000722,1,0,1
amitalkz,amitalkz,,24278,1,0,0,0,0,0,0.000722,1,0,1
Rajeshsinghraj2,Rajeshsinghraj2,,3756,1,0,0,0,0,0,0.000722,1,0,1
RDipuSingh1,RDipuSingh1,,2321,1,0,0,0,0,0,0.000722,1,0,1
PrincessaRed,PrincessaRed,,40939,1,0,0,0,0,0,0.000722,1,0,1
Ram95918209,Ram95918209,,1744,1,0,0,0,0,0,0.000722,1,0,1
SabMohMaayaHaiG,SabMohMaayaHaiG,,2137,1,0,0,0,0,0,0.000722,1,0,1
DhrubaDev11,DhrubaDev11,,227,1,0,0,0,0,0,0.000722,1,0,1
Ismailkhabari91,Ismailkhabari91,,161,1,0,0,0,0,0,0.000722,1,0,1
deepaksaxena88,deepaksaxena88,,125838,1,0,0,0,0,0,0.000722,1,0,1
Jitendr05882253,Jitendr05882253,,603,1,0,0,0,0,0,0.000722,1,0,1
_ravi_Indian,_ravi_Indian,,2300,1,0,0,0,0,0,0.000722,1,0,1
SarjaManu,SarjaManu,,549,1,0,0,0,0,0,0.000722,1,0,1
HomerOpines,HomerOpines,,2994,1,0,0,0,0,0,0.000722,1,0,1
guerillacricket,guerillacricket,,14418,1,0,0,0,0,0,0.000722,1,0,1
Mykuhl,Mykuhl,,3150,1,0,0,0,0,0,0.000722,1,0,1
BaluBal54,BaluBal54,,1071,1,0,0,0,0,0,0.000722,1,0,1
imanjuvs,imanjuvs,,255,1,0,0,0,0,0,0.000722,1,0,1
GadiLinga13,GadiLinga13,,65,1,0,0,0,0,0,0.000722,1,0,1
Rakesh_Kohli18,Rakesh_Kohli18,,285,1,0,0,0,0,0,0.000722,1,0,1
aamirtard,aamirtard,,1358,1,0,0,0,0,0,0.000722,1,0,1
JaanAJigar1,JaanAJigar1,,74,1,0,0,0,0,0,0.000722,1,0,1
Cliffor01413516,Cliffor01413516,,1168,1,0,0,0,0,0,0.000722,1,0,1
EWorld31358832,EWorld31358832,,2,1,0,0,0,0,0,0.000722,1,0,1
dinda_on_tinda,dinda_on_tinda,,5,1,0,0,0,0,0,0.000722,1,0,1
reopencollege,reopencollege,,333,2,0,0,0,0,0,0.000725,1,0,1
aniljiyerp,aniljiyerp,,5,2,0,0,0,0,0,0.000725,1,0,1
AaronGeoffrey5,AaronGeoffrey5,,16,2,0,0,0,0,0,0.000725,1,0,1
howmanypeoplec3,howmanypeoplec3,,263,2,0,0,0,0,0,0.000725,1,0,1
sureshkurampala,sureshkurampala,,1,2,0,0,0,0,0,0.000725,1,0,1
WeatherExt,WeatherExt,,385,2,0,0,0,0,0,0.000725,1,0,1
huMAN_at_WAR,huMAN_at_WAR,,49,2,0,0,0,0,0,0.000725,1,0,1
DrVishuKumarM1,DrVishuKumarM1,,10,2,0,0,0,0,0,0.000725,1,0,1
usharammurthy,usharammurthy,,4,2,0,0,0,0,0,0.000725,1,0,1
shonavd040397,shonavd040397,,12,2,0,0,0,0,0,0.000725,1,0,1
SelvaKRaj,SelvaKRaj,,76,2,0,0,0,0,0,0.000725,1,0,1
bharath_shetty4,bharath_shetty4,,4,2,0,0,0,0,0,0.000725,1,0,1
KUMARSAMRENDRA2,KUMARSAMRENDRA2,,7,2,0,0,0,0,0,0.000725,1,0,1
vaibhav3099,vaibhav3099,,4,2,0,0,0,0,0,0.000725,1,0,1
jaisonsaji,jaisonsaji,,498,2,0,0,0,0,0,0.000725,1,0,1
Ashish_kumar_19,Ashish_kumar_19,,1,2,0,0,0,0,0,0.000725,1,0,1
Mr_Puffer_,Mr_Puffer_,,6,2,0,0,0,0,0,0.000725,1,0,1
Vikas19934707,Vikas19934707,,4,2,0,0,0,0,0,0.000725,1,0,1
dikshantyadav19,dikshantyadav19,,10,2,0,0,0,0,0,0.000725,1,0,1
AshwiniGaddagi,AshwiniGaddagi,,88,2,0,0,0,0,0,0.000725,1,0,1
AbhishekR2001,AbhishekR2001,,5,2,0,0,0,0,0,0.000725,1,0,1
SanjitS28170772,SanjitS28170772,,2,2,0,0,0,0,0,0.000725,1,0,1
kooky_karthik,kooky_karthik,,5,2,0,0,0,0,0,0.000725,1,0,1
RaghuA42416849,RaghuA42416849,,4,2,0,0,0,0,0,0.000725,1,0,1
Vignesh77673156,Vignesh77673156,,7,2,0,0,0,0,0,0.000725,1,0,1
Shush17520,Shush17520,,6,2,0,0,0,0,0,0.000725,1,0,1
chaitra16ac,chaitra16ac,,17,2,0,0,0,0,0,0.000725,1,0,1
mukkanavar,mukkanavar,,4,2,0,0,0,0,0,0.000725,1,0,1
Rahulbadhwar4,Rahulbadhwar4,,8,2,0,0,0,0,0,0.000725,1,0,1
akshaykc27,akshaykc27,,16,2,0,0,0,0,0,0.000725,1,0,1
BibianahRG,BibianahRG,,56,2,0,0,0,0,0,0.000725,1,0,1
LPrajwal30,LPrajwal30,,43,2,0,0,0,0,0,0.000725,1,0,1
kienme,kienme,,140,2,0,0,0,0,0,0.000725,1,0,1
YouginRaval,YouginRaval,,155,2,0,0,0,0,0,0.000725,1,0,1
Ujwalp09,Ujwalp09,,35,2,0,0,0,0,0,0.000725,1,0,1
themorning_owl,themorning_owl,,63,2,0,0,0,0,0,0.000725,1,0,1
AnjaniKumar1312,AnjaniKumar1312,,4,2,0,0,0,0,0,0.000725,1,0,1
keshav483,keshav483,,3,2,0,0,0,0,0,0.000725,1,0,1
evohaxhackathon,evohaxhackathon,,348,2,0,0,0,0,0,0.000725,1,0,1
sharethishelp,sharethishelp,,293,2,0,0,0,0,0,0.000725,1,0,1
santoshy_kumar,santoshy_kumar,,0,2,0,0,0,0,0,0.000725,1,0,1
Payal02Singh,Payal02Singh,,11,2,0,0,0,0,0,0.000725,1,0,1
shitij30,shitij30,,32,2,0,0,0,0,0,0.000725,1,0,1
AdhiragniRoy,AdhiragniRoy,,27,2,0,0,0,0,0,0.000725,1,0,1
thenetninjauk,thenetninjauk,,85229,2,0,0,0,0,0,0.000725,1,0,1
kora_kagaj,kora_kagaj,,2032,2,0,0,0,0,0,0.000725,1,0,1
shovoalways,shovoalways,,1710,2,0,0,0,0,0,0.000725,1,0,1
ShraddhaUmrao,ShraddhaUmrao,,41,2,0,0,0,0,0,0.000725,1,0,1
onubaiye,onubaiye,,1798,2,0,0,0,0,0,0.000725,1,0,1
JosephMatt13rox,JosephMatt13rox,,107,2,0,0,0,0,0,0.000725,1,0,1
appy_3096,appy_3096,,107,2,0,0,0,0,0,0.000725,1,0,1
DevipriyaSarkar,DevipriyaSarkar,,125,2,0,0,0,0,0,0.000725,1,0,1
theart_in,theart_in,,8,2,0,0,0,0,0,0.000725,1,0,1
dhruv_dido,dhruv_dido,,11,2,0,0,0,0,0,0.000725,1,0,1
mrinal3311,mrinal3311,,26,2,0,0,0,0,0,0.000725,1,0,1
DikshantYadav2,DikshantYadav2,,16,2,0,0,0,0,0,0.000725,1,0,1
Sanuyuktha_V,Sanuyuktha_V,,43,2,0,0,0,0,0,0.000725,1,0,1
adarshatikant1,adarshatikant1,,0,2,0,0,0,0,0,0.000725,1,0,1
sahilabid6,sahilabid6,,26,2,0,0,0,0,0,0.000725,1,0,1
Loco_Daan,Loco_Daan,,82,2,0,0,0,0,0,0.000725,1,0,1
mr_ganesh,mr_ganesh,,50,2,0,0,0,0,0,0.000725,1,0,1
abhijith0505,abhijith0505,,262,2,0,0,0,0,0,0.000725,1,0,1
armanfarooqui,armanfarooqui,,24,2,0,0,0,0,0,0.000725,1,0,1
mishrarockk,mishrarockk,,7,2,0,0,0,0,0,0.000725,1,0,1
SoniyaDorathy,SoniyaDorathy,,4,2,0,0,0,0,0,0.000725,1,0,1
shreydcutiepie,shreydcutiepie,,28,2,0,0,0,0,0,0.000725,1,0,1
esandeepkreddy,esandeepkreddy,,11,2,0,0,0,0,0,0.000725,1,0,1
ganesh_prasad_,ganesh_prasad_,,46,2,0,0,0,0,0,0.000725,1,0,1
arpitasharma45,arpitasharma45,,31,2,0,0,0,0,0,0.000725,1,0,1
arpitasahrma45,arpitasahrma45,,5,2,0,0,0,0,0,0.000725,1,0,1
akashmishrarock,akashmishrarock,,2,2,0,0,0,0,0,0.000725,1,0,1
vipul21nov,vipul21nov,,4,2,0,0,0,0,0,0.000725,1,0,1
areefk,areefk,,99,2,0,0,0,0,0,0.000725,1,0,1
vishakhat1,vishakhat1,,15,2,0,0,0,0,0,0.000725,1,0,1
abhimanyudwived,abhimanyudwived,,13,2,0,0,0,0,0,0.000725,1,0,1
jobelhannah,jobelhannah,,34,2,0,0,0,0,0,0.000725,1,0,1
smartyroxx,smartyroxx,,36,2,0,0,0,0,0,0.000725,1,0,1
harishml039,harishml039,,4,3,0,0,0,0,0,0.000754,1,0,1
404b181cdb2244f,404b181cdb2244f,,23,3,0,0,0,0,0,0.000754,1,0,1
arundrma,arundrma,,9,3,0,0,0,0,0,0.000754,1,0,1
njmallikarjuna,njmallikarjuna,,3,3,0,0,0,0,0,0.000754,1,0,1
NjmrSvt,NjmrSvt,,2,3,0,0,0,0,0,0.000754,1,0,1
avipachhi,avipachhi,,9,3,0,0,0,0,0,0.000754,1,0,1
harnallichandan,harnallichandan,,141,3,0,0,0,0,0,0.000754,1,0,1
girishhari15,girishhari15,,2,3,0,0,0,0,0,0.000754,1,0,1
chethanshekar,chethanshekar,,6,3,0,0,0,0,0,0.000754,1,0,1
Chetankbm,Chetankbm,,225,3,0,0,0,0,0,0.000754,1,0,1
aswathrajesh,aswathrajesh,,9,3,0,0,0,0,0,0.000754,1,0,1
gaganthedoctor,gaganthedoctor,,10,3,0,0,0,0,0,0.000754,1,0,1
arunramesh123,arunramesh123,,49,3,0,0,0,0,0,0.000754,1,0,1
ARUNRAMESHG,ARUNRAMESHG,,17,3,0,0,0,0,0,0.000754,1,0,1
arjunshastry123,arjunshastry123,,28,3,0,0,0,0,0,0.000754,1,0,1
deepakgd,deepakgd,,14,3,0,0,0,0,0,0.000754,1,0,1
malappa,malappa,,6,3,0,0,0,0,0,0.000754,1,0,1
dinesh88813,dinesh88813,,612,4,0,0,0,0,0,0.001027,1,0,1
aplsmith5,aplsmith5,,264727,4,0,0,0,0,0,0.001027,1,0,1
rajathbr07,rajathbr07,,17,4,0,0,0,0,0,0.000728,1,0,1
neilkurien,neilkurien,,169,4,0,0,0,0,0,0.000728,1,0,1
SyedMoinuddin06,SyedMoinuddin06,,274,4,0,0,0,0,0,0.000728,1,0,1
ashwin1y3r,ashwin1y3r,,16,4,0,0,0,0,0,0.000728,1,0,1
RashiDhilla,RashiDhilla,,41,4,0,0,0,0,0,0.000728,1,0,1
RajRohitYadav97,RajRohitYadav97,,21,4,0,0,0,0,0,0.000728,1,0,1
Shadowsofspring,Shadowsofspring,,25,4,0,0,0,0,0,0.000728,1,0,1
Sushmithakenka1,Sushmithakenka1,,4,4,0,0,0,0,0,0.000728,1,0,1
KingPru14,KingPru14,,2,4,0,0,0,0,0,0.000728,1,0,1
krut_sanghvi,krut_sanghvi,,43,4,0,0,0,0,0,0.000728,1,0,1
KZilkar,KZilkar,,3,4,0,0,0,0,0,0.000728,1,0,1
SHREYAS10751901,SHREYAS10751901,,10,4,0,0,0,0,0,0.000728,1,0,1
datslytheringal,datslytheringal,,25,4,0,0,0,0,0,0.000728,1,0,1
GaneshYuvashree,GaneshYuvashree,,16,4,0,0,0,0,0,0.000728,1,0,1
sanukum48196251,sanukum48196251,,2,4,0,0,0,0,0,0.000728,1,0,1
ShandilyaMs,ShandilyaMs,,1,4,0,0,0,0,0,0.000728,1,0,1
FofliaD,FofliaD,,4,4,0,0,0,0,0,0.000728,1,0,1
palathadaka,palathadaka,,1,4,0,0,0,0,0,0.000728,1,0,1
MevinBruno,MevinBruno,,3,4,0,0,0,0,0,0.000728,1,0,1
Kunalvdodeja,Kunalvdodeja,,41,4,0,0,0,0,0,0.000728,1,0,1
arch_kashyap,arch_kashyap,,23,4,0,0,0,0,0,0.000728,1,0,1
pruthvirraju1,pruthvirraju1,,11,4,0,0,0,0,0,0.000728,1,0,1
rudramehta2512,rudramehta2512,,146,4,0,0,0,0,0,0.000728,1,0,1
arthik_alex,arthik_alex,,8,4,0,0,0,0,0,0.000728,1,0,1
Callmemanzu,Callmemanzu,,7,4,0,0,0,0,0,0.000728,1,0,1
SinchanaEP,SinchanaEP,,19,4,0,0,0,0,0,0.000728,1,0,1
GIRISHKARANTHJ,GIRISHKARANTHJ,,30,4,0,0,0,0,0,0.000728,1,0,1
SaurabhJain0071,SaurabhJain0071,,9,4,0,0,0,0,0,0.000728,1,0,1
byul_bluebird,byul_bluebird,,27,4,0,0,0,0,0,0.000728,1,0,1
AkshayJalwadi,AkshayJalwadi,,60,4,0,0,0,0,0,0.000728,1,0,1
raz__d,raz__d,,8,4,0,0,0,0,0,0.000728,1,0,1
manojkumar19998,manojkumar19998,,13,4,0,0,0,0,0,0.000728,1,0,1
abhishek_s_y_,abhishek_s_y_,,30,4,0,0,0,0,0,0.000728,1,0,1
subbu_bs,subbu_bs,,3,4,0,0,0,0,0,0.000728,1,0,1
theweirdhousexp,theweirdhousexp,,10,4,0,0,0,0,0,0.000728,1,0,1
Vijayratnaa,Vijayratnaa,,37,4,0,0,0,0,0,0.000728,1,0,1
vr_rohit03,vr_rohit03,,15,4,0,0,0,0,0,0.000728,1,0,1
karthiksh666,karthiksh666,,135,4,0,0,0,0,0,0.000728,1,0,1
_ii_shemurr_ii_,_ii_shemurr_ii_,,3,4,0,0,0,0,0,0.000728,1,0,1
arpitadh53,arpitadh53,,14,4,0,0,0,0,0,0.000728,1,0,1
kirantg007,kirantg007,,22,4,0,0,0,0,0,0.000728,1,0,1
198914Kailsh,198914Kailsh,,3,4,0,0,0,0,0,0.000728,1,0,1
rajat594,rajat594,,5,4,0,0,0,0,0,0.000728,1,0,1
naomicullen2,naomicullen2,,19,4,0,0,0,0,0,0.000728,1,0,1
EkaranSanghvi,EkaranSanghvi,,0,4,0,0,0,0,0,0.000728,1,0,1
kelley_selena,kelley_selena,,195,4,0,0,0,0,0,0.000728,1,0,1
alainjansen22,alainjansen22,,11,4,0,0,0,0,0,0.000728,1,0,1
BICHITRA12345,BICHITRA12345,,18,4,0,0,0,0,0,0.000728,1,0,1
sillymeVanessa,sillymeVanessa,,44,4,0,0,0,0,0,0.000728,1,0,1
sunrobino,sunrobino,,7,4,0,0,0,0,0,0.000728,1,0,1
rajathrajni,rajathrajni,,26,4,0,0,0,0,0,0.000728,1,0,1
davidjoyson,davidjoyson,,276,4,0,0,0,0,0,0.000728,1,0,1
